Season,Name,Team,G,PA,HR,R,RBI,SB,BB%,K%,ISO,BABIP,AVG,OBP,SLG,wOBA,wRC+,BsR,Off,Def,WAR,playerid
1991,Cal Ripken,Orioles,162,717,34,99,114,6,7.40%,6.40%,0.243,0.304,0.323,0.374,0.566,0.405,154,0.8,46.9,31.8,10.6,1010978
2002,Alex Rodriguez,Rangers,162,725,57,125,142,9,12.00%,16.80%,0.324,0.29,0.3,0.392,0.623,0.424,158,4.7,56.1,19.6,10,1274
2000,Alex Rodriguez,Mariners,148,672,41,134,132,15,14.90%,18.00%,0.291,0.333,0.316,0.42,0.606,0.431,158,1.3,54.4,22.6,9.5,1274
1996,Alex Rodriguez,Mariners,146,677,36,141,123,15,8.70%,15.40%,0.273,0.382,0.358,0.414,0.631,0.443,159,1,56,15.8,9.2,1274
2003,Alex Rodriguez,Rangers,161,715,47,124,118,17,12.20%,17.60%,0.301,0.305,0.298,0.396,0.6,0.416,151,4.3,50.3,18.2,9.2,1274
1995,John Valentin,Red Sox,135,621,27,108,102,20,13.00%,10.80%,0.235,0.296,0.298,0.399,0.533,0.405,138,1.6,32.6,30.4,8.2,1375
1998,Alex Rodriguez,Mariners,161,748,42,123,124,46,6.00%,16.20%,0.249,0.324,0.31,0.36,0.56,0.394,135,3.6,37.8,16.5,7.9,1274
2001,Alex Rodriguez,Rangers,162,732,52,133,135,18,10.20%,17.90%,0.304,0.325,0.318,0.399,0.622,0.425,159,2.3,56.6,-1.9,7.8,1274
1987,Alan Trammell,Tigers,151,668,28,109,105,21,9.00%,7.00%,0.208,0.335,0.343,0.402,0.551,0.407,152,3,47,8,7.7,1013157
2000,Nomar Garciaparra,Red Sox,140,599,21,104,96,5,10.20%,8.30%,0.227,0.378,0.372,0.434,0.599,0.432,154,0.2,44.4,15,7.6,190
2008,Hanley Ramirez,Marlins,153,693,33,125,67,35,13.30%,17.60%,0.239,0.329,0.301,0.4,0.54,0.403,144,6.3,44.8,7.6,7.5,8001
2016,Corey Seager,Dodgers,157,687,26,105,72,3,7.90%,19.40%,0.204,0.355,0.308,0.365,0.512,0.372,136,2.6,33.2,17.5,7.4,13624
1999,Derek Jeter,Yankees,158,739,24,134,102,19,12.30%,15.70%,0.203,0.396,0.349,0.438,0.552,0.428,156,0.2,55.9,-2.4,7.4,826
1998,Nomar Garciaparra,Red Sox,143,652,35,111,122,12,5.10%,9.50%,0.262,0.311,0.323,0.362,0.584,0.402,139,-0.2,32.6,18.7,7.3,190
2001,Rich Aurilia,Giants,156,689,37,114,97,1,6.80%,12.00%,0.248,0.326,0.324,0.369,0.572,0.397,144,-1.1,38.5,11.8,7.1,1106
2009,Hanley Ramirez,Marlins,151,652,24,101,106,27,9.40%,15.50%,0.201,0.379,0.342,0.41,0.543,0.407,149,5.1,44,6.2,7.1,8001
1986,Cal Ripken,Orioles,162,707,25,98,81,4,9.90%,8.50%,0.179,0.277,0.282,0.355,0.461,0.359,123,0,19.3,24.9,6.9,1010978
1996,Barry Larkin,Reds,152,627,33,117,89,36,15.30%,8.30%,0.269,0.276,0.298,0.41,0.567,0.417,157,2.5,47.5,5.7,6.8,335
1989,Ozzie Smith,Cardinals,155,664,2,82,50,29,8.30%,5.60%,0.088,0.287,0.273,0.335,0.361,0.317,102,2.8,4.1,40.2,6.7,1012186
2009,Derek Jeter,Yankees,153,716,18,107,66,30,10.10%,12.60%,0.131,0.368,0.334,0.406,0.465,0.385,130,2.5,29.6,12.2,6.6,826
2016,Manny Machado,Orioles,157,696,37,105,96,0,6.90%,17.20%,0.239,0.309,0.294,0.343,0.533,0.366,130,-0.4,24.7,15.9,6.6,11493
1993,Jay Bell,Pirates,154,701,9,102,51,16,11.00%,17.40%,0.127,0.376,0.31,0.392,0.437,0.371,125,-0.8,21.3,19.3,6.6,48
2007,Jimmy Rollins,Phillies,162,778,30,139,94,41,6.30%,10.90%,0.235,0.3,0.296,0.344,0.531,0.371,119,11.8,30.6,10,6.5,971
1997,Nomar Garciaparra,Red Sox,153,734,30,122,98,22,4.80%,12.50%,0.228,0.315,0.306,0.342,0.534,0.374,122,0.6,20.9,18.3,6.4,190
1988,Barry Larkin,Reds,151,652,12,91,56,40,6.30%,3.70%,0.133,0.291,0.296,0.347,0.429,0.347,122,4.8,20.2,18.9,6.3,335
2003,Edgar Renteria,Cardinals,157,663,13,96,100,34,9.80%,8.10%,0.15,0.343,0.33,0.394,0.48,0.375,128,5.9,30,12.3,6.3,1178
1999,Nomar Garciaparra,Red Sox,135,595,27,103,104,14,8.60%,6.60%,0.246,0.347,0.357,0.418,0.603,0.434,157,1.5,46.5,0.2,6.3,190
1987,Ozzie Smith,Cardinals,158,706,0,104,75,43,12.60%,5.10%,0.08,0.32,0.303,0.392,0.383,0.35,114,4.4,16.5,22.4,6.3,1012186
2016,Francisco Lindor,Indians,158,684,15,99,78,19,8.30%,12.90%,0.134,0.324,0.301,0.358,0.435,0.34,111,1,10.2,27.7,6.2,12916
1990,Cal Ripken,Orioles,161,695,21,78,84,3,11.80%,9.50%,0.165,0.248,0.25,0.341,0.415,0.333,109,-0.1,7.4,30.7,6.2,1010978
1998,Derek Jeter,Yankees,149,694,19,127,84,30,8.20%,17.10%,0.157,0.375,0.324,0.384,0.481,0.379,128,3.4,29,10.1,6.2,826
1990,Alan Trammell,Tigers,146,637,14,71,89,12,10.70%,8.60%,0.145,0.315,0.304,0.377,0.449,0.368,131,-1.8,20.8,18.2,6.2,1013157
2006,Derek Jeter,Yankees,154,715,14,118,97,34,9.70%,14.30%,0.14,0.391,0.343,0.417,0.483,0.392,138,5.2,39.9,-1.2,6.1,826
1991,Barry Larkin,Reds,123,527,20,88,69,24,10.40%,12.10%,0.205,0.314,0.302,0.378,0.506,0.393,148,2.4,31.2,9.4,6,335
2004,Miguel Tejada,Orioles,162,725,34,107,150,4,6.60%,10.10%,0.224,0.302,0.311,0.36,0.534,0.376,129,-2.3,24.8,12.2,6,941
1999,Omar Vizquel,Indians,144,664,5,112,66,42,9.80%,7.50%,0.103,0.354,0.333,0.397,0.436,0.372,115,4.3,18,21.5,6,411
1998,Barry Larkin,Reds,145,626,17,93,72,26,12.60%,11.00%,0.195,0.327,0.309,0.397,0.504,0.391,135,3.9,32,8.6,5.9,335
2008,Jose Reyes,Mets,159,763,16,113,68,56,8.70%,10.70%,0.179,0.317,0.297,0.358,0.475,0.359,118,7.7,25.4,8.9,5.9,1736
2011,Jose Reyes,Mets,126,586,7,101,44,39,7.30%,7.00%,0.156,0.353,0.337,0.384,0.493,0.376,142,6.7,34.9,2.3,5.9,1736
2017,Francisco Lindor,Indians,159,723,33,99,89,15,8.30%,12.90%,0.232,0.275,0.273,0.337,0.505,0.353,118,4.7,21,12.8,5.9,12916
1988,Ozzie Smith,Cardinals,153,669,3,80,51,57,11.10%,6.40%,0.066,0.284,0.27,0.35,0.336,0.316,102,7.4,8.5,26.2,5.8,1012186
1989,Cal Ripken,Orioles,162,712,21,80,93,3,8.00%,10.10%,0.144,0.259,0.257,0.317,0.401,0.323,104,-0.5,2.5,29.8,5.8,1010978
2003,Nomar Garciaparra,Red Sox,156,719,28,120,105,19,5.40%,8.50%,0.223,0.294,0.301,0.345,0.524,0.369,124,5.9,27.1,7.2,5.8,190
2006,Carlos Guillen,Tigers,153,622,19,100,85,20,11.40%,14.00%,0.199,0.351,0.32,0.4,0.519,0.391,137,1,30.3,8.3,5.8,1079
2012,Ben Zobrist,Rays,157,668,20,88,74,14,14.50%,15.40%,0.202,0.296,0.27,0.377,0.471,0.365,137,-4.3,24.7,8.3,5.8,7435
2017,Corey Seager,Dodgers,145,613,22,85,77,4,10.90%,21.40%,0.184,0.352,0.295,0.375,0.479,0.364,127,3.6,25.1,12.6,5.7,13624
2006,Jose Reyes,Mets,153,703,19,122,81,64,7.50%,11.50%,0.187,0.32,0.3,0.354,0.487,0.358,116,9,23.6,12,5.7,1736
1986,Alan Trammell,Tigers,151,653,21,107,75,25,9.00%,8.70%,0.192,0.276,0.277,0.347,0.469,0.358,123,0.1,18,15.7,5.7,1013157
2016,Brandon Crawford,Giants,155,623,12,67,84,7,9.10%,18.50%,0.156,0.322,0.275,0.342,0.43,0.327,106,3.4,7.6,28,5.7,5343
2007,Jose Reyes,Mets,160,765,12,119,57,78,10.10%,10.20%,0.141,0.302,0.28,0.354,0.421,0.337,101,11.6,13,18.9,5.6,1736
1985,Ozzie Smith,Cardinals,158,615,6,70,54,31,10.60%,4.40%,0.086,0.281,0.276,0.355,0.361,0.321,104,2.8,5.5,28.7,5.6,1012186
2010,Troy Tulowitzki,Rockies,122,529,27,89,95,11,9.10%,14.70%,0.253,0.327,0.315,0.381,0.568,0.406,140,-0.2,25.1,12.1,5.6,3531
2011,Troy Tulowitzki,Rockies,143,606,30,81,105,9,9.70%,13.00%,0.242,0.305,0.302,0.372,0.544,0.389,133,-4.4,18.6,13.9,5.4,3531
2004,Carlos Guillen,Tigers,136,583,20,97,97,12,8.90%,14.90%,0.224,0.348,0.318,0.379,0.542,0.391,141,3.6,33.8,2,5.4,1079
1997,Jay Bell,Royals,153,660,21,89,92,10,10.80%,15.30%,0.169,0.317,0.291,0.368,0.461,0.364,116,-0.5,12.8,18.9,5.4,48
1985,Cal Ripken,Orioles,161,718,26,116,110,2,9.30%,9.50%,0.187,0.279,0.282,0.347,0.469,0.359,124,-1,19.4,8.8,5.4,1010978
1993,Jeff Blauser,Braves,161,710,15,110,73,16,12.00%,15.40%,0.131,0.348,0.305,0.401,0.436,0.379,128,0.9,25.5,3.2,5.4,1001062
1990,Barry Larkin,Reds,158,681,7,85,67,30,7.20%,7.20%,0.094,0.317,0.301,0.358,0.396,0.341,107,3.7,9.4,18.3,5.4,335
2009,Troy Tulowitzki,Rockies,151,628,32,101,92,20,11.60%,17.80%,0.256,0.316,0.297,0.377,0.552,0.395,132,-1.2,23.6,9.7,5.4,3531
1988,Alan Trammell,Tigers,128,523,15,73,69,7,8.80%,8.80%,0.152,0.316,0.311,0.373,0.464,0.369,134,-0.6,19.8,12.6,5.3,1013157
1992,Barry Larkin,Reds,140,609,12,76,78,15,10.30%,9.50%,0.15,0.319,0.304,0.377,0.454,0.371,134,1.3,24.2,5.5,5.3,335
2014,Jhonny Peralta,Cardinals,157,628,21,61,75,3,9.20%,17.80%,0.18,0.292,0.263,0.336,0.443,0.343,120,-3.5,10.7,18.8,5.3,1738
2013,Troy Tulowitzki,Rockies,126,512,25,72,82,1,11.10%,16.60%,0.229,0.334,0.312,0.391,0.54,0.4,141,-1.6,21.8,11.9,5.3,3531
1995,Barry Larkin,Reds,131,567,15,98,66,51,10.80%,8.60%,0.173,0.328,0.319,0.394,0.492,0.389,136,7.9,33.3,1.7,5.3,335
2009,Jason Bartlett,Rays,137,567,14,90,66,30,9.50%,15.70%,0.17,0.364,0.32,0.389,0.49,0.383,136,7.1,32.7,0.2,5.2,8219
2002,Derek Jeter,Yankees,157,730,18,124,75,32,10.00%,15.60%,0.124,0.336,0.297,0.373,0.421,0.352,116,5.9,20.5,7,5.2,826
1997,Jeff Blauser,Braves,151,623,17,90,70,5,11.20%,16.20%,0.173,0.349,0.308,0.405,0.482,0.388,135,0.6,28,5.5,5.2,1001062
2007,Troy Tulowitzki,Rockies,155,682,24,104,99,7,8.40%,19.10%,0.189,0.335,0.291,0.359,0.479,0.364,109,0.4,8.4,22.2,5.2,3531
2007,Hanley Ramirez,Marlins,154,706,29,125,81,51,7.40%,13.50%,0.23,0.353,0.332,0.386,0.562,0.405,144,3.7,43.8,-14,5.2,8001
1993,John Valentin,Red Sox,144,539,11,50,66,3,9.10%,14.30%,0.169,0.31,0.278,0.346,0.447,0.35,109,-1,4.8,29.5,5.2,1375
2006,Bill Hall,Brewers,148,608,35,101,85,8,10.40%,26.60%,0.283,0.32,0.27,0.345,0.553,0.374,124,0.3,19.4,13.1,5.1,1605
1992,Ozzie Smith,Cardinals,132,590,0,73,31,43,10.00%,5.80%,0.046,0.315,0.295,0.367,0.342,0.327,107,5,9.7,20.1,5.1,1012186
1991,Ozzie Smith,Cardinals,150,641,3,96,50,35,12.90%,5.60%,0.082,0.301,0.285,0.38,0.367,0.345,119,3.4,17,10.7,5.1,1012186
1999,Barry Larkin,Reds,161,687,12,108,75,30,13.50%,8.30%,0.127,0.307,0.293,0.39,0.42,0.362,108,2.4,10,20.5,5.1,335
2016,Carlos Correa,Astros,153,660,20,76,96,13,11.40%,21.10%,0.177,0.328,0.274,0.361,0.451,0.349,123,4,21.9,4.7,5,14162
2017,Zack Cozart,Reds,122,507,24,80,63,3,12.20%,15.40%,0.251,0.312,0.297,0.385,0.548,0.392,141,-1.5,25.3,8.6,5,2616
2008,Jimmy Rollins,Phillies,137,625,11,76,59,47,9.30%,8.80%,0.16,0.29,0.277,0.349,0.437,0.342,104,8.1,11,18.8,5,971
2004,Jimmy Rollins,Phillies,154,725,14,119,73,30,7.90%,10.10%,0.166,0.308,0.289,0.348,0.455,0.347,105,8.7,13,13.7,5,971
1988,Cal Ripken,Orioles,161,689,23,87,81,2,14.80%,10.00%,0.167,0.262,0.264,0.372,0.431,0.359,127,-1,20.4,2.7,5,1010978
2006,Miguel Tejada,Orioles,162,709,24,99,100,6,6.50%,11.10%,0.168,0.345,0.33,0.379,0.498,0.374,125,-3.8,18.7,7.8,4.9,941
2017,Andrelton Simmons,Angels,158,647,14,77,69,19,7.30%,10.40%,0.143,0.291,0.278,0.331,0.421,0.323,103,2,4.6,22.6,4.9,10847
1990,Tony Fernandez,Blue Jays,161,721,4,84,66,26,9.80%,9.70%,0.115,0.302,0.276,0.352,0.391,0.335,108,-0.2,6.5,17.5,4.9,1004002
1986,Ozzie Smith,Cardinals,153,609,0,67,54,31,13.00%,4.40%,0.053,0.294,0.28,0.376,0.333,0.321,101,3.3,4,23.9,4.9,1012186
2016,Xander Bogaerts,Red Sox,157,719,21,115,89,13,8.10%,17.10%,0.152,0.335,0.294,0.356,0.446,0.348,115,6.1,18.9,4.2,4.9,12161
2010,Stephen Drew,Diamondbacks,151,633,15,83,61,10,9.80%,17.10%,0.181,0.321,0.278,0.352,0.458,0.355,113,1.5,11.5,15.4,4.8,4251
1987,Tony Fernandez,Blue Jays,146,642,5,90,67,32,7.90%,7.50%,0.104,0.342,0.322,0.379,0.426,0.355,115,1,13.4,13.5,4.8,1004002
2013,Ian Desmond,Nationals,158,655,20,77,80,21,6.60%,22.10%,0.173,0.336,0.28,0.331,0.453,0.341,116,1.9,13.4,11.6,4.8,6885
2002,Nomar Garciaparra,Red Sox,156,693,24,101,120,5,5.90%,9.10%,0.217,0.309,0.31,0.352,0.528,0.373,127,2.5,25.9,-1.7,4.8,190
2007,Orlando Cabrera,Angels,155,701,8,101,86,20,6.30%,9.10%,0.096,0.319,0.301,0.345,0.397,0.328,97,7.9,5.4,19.2,4.8,766
2011,Jhonny Peralta,Tigers,146,576,21,68,86,0,6.90%,16.50%,0.179,0.325,0.299,0.345,0.478,0.356,122,-4.9,9.5,16.7,4.7,1738
1999,Alex Rodriguez,Mariners,129,572,42,110,111,21,9.80%,19.10%,0.301,0.281,0.285,0.357,0.586,0.395,136,1,28.9,1.9,4.7,1274
2005,Miguel Tejada,Orioles,162,704,26,89,98,5,5.70%,11.80%,0.211,0.316,0.304,0.349,0.515,0.367,126,-2.1,20.5,2.7,4.7,941
2004,Derek Jeter,Yankees,154,721,23,111,78,23,6.40%,13.70%,0.179,0.315,0.292,0.352,0.471,0.356,117,2.4,17.7,6.1,4.7,826
2012,Jimmy Rollins,Phillies,156,699,23,102,68,30,8.90%,13.70%,0.177,0.262,0.25,0.316,0.427,0.322,101,7.7,8.3,14.9,4.7,971
2005,Felipe Lopez,Reds,148,648,23,97,85,15,8.80%,17.10%,0.195,0.322,0.291,0.352,0.486,0.36,116,3.9,17.4,8,4.7,1311
2012,Ian Desmond,Nationals,130,547,25,72,73,21,5.50%,20.70%,0.218,0.332,0.292,0.335,0.511,0.362,128,-0.7,17.2,10.3,4.7,6885
1994,Cal Ripken,Orioles,112,484,13,71,75,1,6.60%,8.50%,0.144,0.322,0.315,0.364,0.459,0.359,111,0.2,7.5,23.1,4.6,1010978
2005,Julio Lugo,Devil Rays,158,690,6,89,57,39,8.80%,10.40%,0.107,0.325,0.295,0.362,0.403,0.339,109,5.9,13.4,8.8,4.6,565
2013,Andrelton Simmons,Braves,157,658,17,76,59,6,6.10%,8.40%,0.149,0.247,0.248,0.296,0.396,0.303,91,-2.6,-9,31.6,4.5,10847
2005,Rafael Furcal,Braves,154,689,12,100,58,46,9.00%,11.30%,0.144,0.307,0.284,0.348,0.429,0.338,105,7.5,11.7,11,4.5,88
2002,Miguel Tejada,Athletics,162,715,34,108,131,7,5.30%,11.70%,0.199,0.31,0.308,0.354,0.508,0.371,129,3.6,29.5,-8.8,4.5,941
2002,David Eckstein,Angels,152,702,8,107,63,21,6.40%,6.30%,0.095,0.301,0.293,0.363,0.388,0.336,105,5.7,10.2,10.6,4.5,10
1993,Travis Fryman,Tigers,151,695,22,98,97,9,11.10%,18.40%,0.186,0.346,0.3,0.379,0.486,0.382,132,0.3,27.6,-5,4.5,385
1986,Tony Fernandez,Blue Jays,163,727,10,91,65,25,3.70%,7.20%,0.118,0.323,0.31,0.338,0.428,0.339,107,0.1,6.4,12.9,4.5,1004002
2000,Jose Valentin,White Sox,144,648,25,107,92,19,9.10%,16.40%,0.218,0.295,0.273,0.343,0.491,0.358,107,3,9,15.2,4.5,256
2002,Jose Hernandez,Brewers,152,582,24,72,73,3,8.90%,32.30%,0.19,0.404,0.288,0.356,0.478,0.36,119,-4.1,9.4,16.3,4.5,688
2015,Brandon Crawford,Giants,143,561,21,65,84,6,7.00%,21.20%,0.205,0.294,0.256,0.321,0.462,0.332,113,-1.4,7.4,17.1,4.5,5343
2011,J.J. Hardy,Orioles,129,567,30,76,80,0,5.50%,16.20%,0.222,0.273,0.269,0.31,0.491,0.344,113,0.5,8.9,14.7,4.4,3797
1991,Jay Bell,Pirates,157,697,16,96,67,10,7.50%,14.20%,0.158,0.298,0.27,0.33,0.428,0.339,116,-0.4,12.3,7.3,4.4,48
1999,Mike Bordick,Orioles,160,708,10,93,77,14,7.60%,14.40%,0.125,0.312,0.277,0.334,0.403,0.325,91,1,-7.9,28.4,4.4,129
2005,Derek Jeter,Yankees,159,752,19,122,70,14,10.20%,15.60%,0.141,0.351,0.309,0.389,0.45,0.369,129,0.2,26.4,-8.1,4.4,826
2006,Hanley Ramirez,Marlins,158,700,17,119,59,51,8.00%,18.30%,0.188,0.343,0.292,0.353,0.48,0.358,116,10,24.5,-2.6,4.4,8001
1988,Tony Fernandez,Blue Jays,154,704,5,76,70,15,6.40%,9.20%,0.099,0.311,0.287,0.335,0.386,0.324,102,0.5,1.9,16.2,4.4,1004002
2015,Xander Bogaerts,Red Sox,156,654,7,84,81,10,4.90%,15.40%,0.101,0.372,0.32,0.355,0.421,0.338,111,3.7,11.8,8,4.4,12161
2006,Jimmy Rollins,Phillies,158,758,25,127,83,36,7.50%,10.60%,0.2,0.281,0.277,0.334,0.478,0.346,103,4.8,7.6,12,4.3,971
2004,Jack Wilson,Pirates,157,693,11,82,59,8,3.80%,10.20%,0.15,0.33,0.308,0.335,0.459,0.341,103,3.3,6.2,14.9,4.3,1017
1997,Alex Rodriguez,Mariners,141,638,23,100,84,29,6.40%,15.50%,0.196,0.328,0.3,0.35,0.496,0.368,119,3.3,18.8,2.5,4.3,1274
2005,Jhonny Peralta,Indians,141,570,24,82,78,0,10.20%,22.50%,0.228,0.346,0.292,0.366,0.52,0.378,136,-1.8,23,0.3,4.3,1738
2001,Derek Jeter,Yankees,150,686,21,110,74,27,8.20%,14.40%,0.169,0.343,0.311,0.377,0.48,0.371,130,4.5,30.3,-10.2,4.2,826
2014,Erick Aybar,Angels,156,641,7,77,68,16,5.60%,9.70%,0.1,0.297,0.278,0.321,0.379,0.308,101,2.8,3.4,14.6,4.2,4082
2010,Hanley Ramirez,Marlins,142,619,21,92,76,32,10.30%,15.00%,0.175,0.327,0.3,0.378,0.475,0.369,127,4.6,24.5,-3.2,4.2,8001
2009,Marco Scutaro,Blue Jays,144,680,12,100,60,14,13.20%,11.00%,0.127,0.304,0.282,0.379,0.409,0.353,112,2.8,12.9,5.7,4.2,1555
2003,Orlando Cabrera,Expos,162,691,17,95,80,24,7.50%,9.30%,0.163,0.305,0.297,0.347,0.46,0.348,106,6.4,11.4,8.4,4.2,766
1992,Jay Bell,Pirates,159,712,9,87,55,7,7.70%,14.50%,0.119,0.303,0.264,0.326,0.383,0.324,105,-0.7,3.2,13.7,4.2,48
1992,Travis Fryman,Tigers,161,721,20,87,96,8,6.20%,20.00%,0.15,0.309,0.266,0.316,0.416,0.33,103,-0.1,2.5,13.7,4.1,385
2011,Alexei Ramirez,White Sox,158,684,15,81,70,7,7.50%,12.30%,0.13,0.288,0.269,0.328,0.399,0.322,97,2.1,-0.5,17.5,4.1,5133
2005,Michael Young,Rangers,159,732,24,114,91,5,7.90%,12.40%,0.183,0.354,0.331,0.385,0.513,0.389,136,0.8,33.2,-16.7,4.1,1286
1995,Cal Ripken,Orioles,144,613,17,71,88,0,8.50%,9.60%,0.16,0.263,0.262,0.324,0.422,0.325,90,-0.6,-8.9,29.7,4.1,1010978
1985,Tony Fernandez,Blue Jays,161,618,2,71,51,13,7.00%,6.60%,0.101,0.308,0.289,0.34,0.39,0.327,99,0,-1,20.7,4.1,1004002
1986,Scott Fletcher,Rangers,147,594,3,82,50,12,7.90%,9.90%,0.1,0.331,0.3,0.36,0.4,0.342,107,-2.1,3.3,17.1,4.1,1004155
2003,Derek Jeter,Yankees,119,542,10,87,52,11,7.90%,16.20%,0.127,0.379,0.324,0.393,0.45,0.372,129,1.9,21.4,1.6,4.1,826
2012,Jose Reyes,Marlins,160,716,11,86,57,40,8.80%,7.80%,0.146,0.298,0.287,0.347,0.433,0.335,111,3.6,12.8,4.1,4.1,1736
2010,Alexei Ramirez,White Sox,156,626,18,83,70,13,4.30%,13.10%,0.149,0.3,0.282,0.313,0.431,0.324,95,3.9,0.5,17.6,4.1,5133
2002,Edgar Renteria,Cardinals,152,609,11,77,83,22,8.00%,9.40%,0.134,0.322,0.305,0.364,0.439,0.349,113,-2.5,7.6,13.3,4.1,1178
2017,Elvis Andrus,Rangers,158,689,20,100,88,25,5.50%,14.70%,0.174,0.325,0.297,0.337,0.471,0.344,110,4.4,12.6,4.5,4.1,8709
1997,Derek Jeter,Yankees,159,748,10,116,70,23,9.90%,16.70%,0.115,0.345,0.291,0.37,0.405,0.349,110,-0.5,9.2,5.7,4,826
2008,J.J. Hardy,Brewers,146,629,24,78,74,2,8.30%,15.60%,0.195,0.305,0.283,0.343,0.478,0.356,115,-4.7,7.2,12.9,4,3797
1996,Jose Valentin,Brewers,154,628,24,90,95,17,10.50%,23.10%,0.216,0.307,0.259,0.336,0.475,0.346,96,1.5,-1.8,20,4,256
2003,Rafael Furcal,Braves,156,734,15,130,61,25,8.20%,10.40%,0.151,0.31,0.292,0.352,0.443,0.346,107,11.1,17.7,-1,4,88
2001,Placido Polanco,Cardinals,144,610,3,87,38,12,4.10%,7.00%,0.076,0.328,0.307,0.342,0.383,0.32,92,1.1,-5.3,25.9,4,1176
2007,Edgar Renteria,Braves,124,543,12,87,57,11,8.50%,14.20%,0.138,0.375,0.332,0.39,0.47,0.379,127,3.1,22.2,0.8,4,1178
2011,Elvis Andrus,Rangers,150,665,5,96,60,37,8.40%,11.10%,0.082,0.312,0.279,0.347,0.361,0.319,93,7.8,2.1,13.9,4,8709
2014,Ian Desmond,Nationals,154,648,24,73,91,24,7.10%,28.20%,0.175,0.326,0.255,0.313,0.43,0.329,108,3.8,9.7,7.2,4,6885
2007,J.J. Hardy,Brewers,151,638,26,89,80,2,6.30%,11.40%,0.186,0.279,0.277,0.323,0.463,0.34,103,-2.3,-0.1,19.4,3.9,3797
2001,Cristian Guzman,Twins,118,527,10,80,51,25,4.00%,14.80%,0.174,0.343,0.302,0.337,0.477,0.349,111,1.5,8.5,13.2,3.9,728
1999,Tony Batista,- - -,142,573,31,77,100,4,6.60%,16.80%,0.241,0.283,0.277,0.33,0.518,0.358,107,0.8,6,15.5,3.9,124
2009,Yunel Escobar,Braves,141,604,14,89,76,5,9.40%,10.30%,0.136,0.317,0.299,0.377,0.436,0.36,120,-2.5,12,7.8,3.9,4191
2005,Jimmy Rollins,Phillies,158,732,12,115,54,41,6.40%,9.70%,0.142,0.309,0.29,0.338,0.431,0.332,97,10.3,7.6,7.4,3.9,971
2017,Didi Gregorius,Yankees,136,570,25,73,87,3,4.40%,12.30%,0.191,0.287,0.287,0.318,0.478,0.335,107,3.1,8.2,11.3,3.9,6012
1988,Scott Fletcher,Rangers,140,609,0,59,47,8,10.20%,5.60%,0.052,0.292,0.276,0.364,0.328,0.321,100,-0.9,-1.2,18.3,3.9,1004155
2014,Jimmy Rollins,Phillies,138,609,17,78,55,28,10.50%,16.40%,0.151,0.269,0.243,0.323,0.394,0.319,103,5.6,7.9,9.5,3.9,971
2012,Elvis Andrus,Rangers,158,711,3,85,62,21,8.00%,13.50%,0.092,0.332,0.286,0.349,0.378,0.322,97,1.4,-1.2,14.7,3.9,8709
2003,Jose Valentin,White Sox,144,569,28,79,74,8,9.50%,20.00%,0.227,0.251,0.237,0.313,0.463,0.332,98,2.6,1.6,18.1,3.9,256
2016,Addison Russell,Cubs,151,598,21,67,95,5,9.20%,22.60%,0.179,0.277,0.238,0.321,0.417,0.316,94,1.3,-3.1,21.9,3.9,14106
1996,Cal Ripken,Orioles,163,707,26,94,102,1,8.30%,11.00%,0.188,0.281,0.278,0.341,0.466,0.35,103,-0.9,2,11.6,3.8,1010978
2006,Rafael Furcal,Dodgers,159,736,15,113,63,37,9.90%,13.30%,0.145,0.333,0.3,0.369,0.445,0.355,113,4.5,17,-2.2,3.8,88
1999,Mark Grudzielanek,Dodgers,123,534,7,72,46,6,5.80%,12.20%,0.111,0.363,0.326,0.376,0.436,0.36,115,-1.5,9.2,13.3,3.8,653
1992,Mike Bordick,Athletics,154,572,3,62,48,12,7.00%,10.30%,0.071,0.331,0.3,0.358,0.371,0.334,113,-0.1,8.4,8.6,3.8,129
2011,Erick Aybar,Angels,143,605,10,71,59,30,5.10%,11.20%,0.142,0.301,0.279,0.322,0.421,0.325,107,2.9,7.6,8.3,3.8,4082
2001,Miguel Tejada,Athletics,162,683,31,107,113,11,6.30%,13.00%,0.209,0.267,0.267,0.326,0.476,0.34,109,0,8.1,6.4,3.7,941
2009,Erick Aybar,Angels,137,556,5,70,58,14,5.40%,9.70%,0.111,0.338,0.312,0.353,0.423,0.34,105,3.5,7,11.2,3.7,4082
2004,Julio Lugo,Devil Rays,157,655,7,83,75,21,8.20%,16.20%,0.12,0.321,0.275,0.338,0.396,0.323,93,5.6,-0.5,16.2,3.7,565
2012,Erick Aybar,Angels,141,554,8,67,45,20,4.00%,11.00%,0.126,0.316,0.29,0.324,0.416,0.321,107,3.8,8.3,8.6,3.7,4082
1994,Barry Larkin,Reds,110,501,9,78,52,26,12.80%,11.60%,0.141,0.301,0.279,0.369,0.419,0.349,109,4.3,10.2,10.9,3.7,335
1993,Cal Ripken,Orioles,162,718,24,87,90,1,9.10%,8.10%,0.162,0.25,0.257,0.329,0.42,0.324,95,-1.3,-5.9,19.8,3.7,1010978
1986,Dick Schofield,Angels,139,529,13,67,57,23,9.10%,10.40%,0.148,0.253,0.249,0.321,0.397,0.319,96,2.6,-0.1,18.3,3.7,1011602
2000,Derek Jeter,Yankees,148,679,15,119,73,22,10.00%,14.60%,0.142,0.386,0.339,0.416,0.481,0.395,133,2.7,33.3,-16.4,3.7,826
1992,Cal Ripken,Orioles,162,715,14,73,72,4,9.00%,7.00%,0.115,0.252,0.251,0.323,0.366,0.309,90,-0.5,-8.6,20.9,3.7,1010978
2011,Asdrubal Cabrera,Indians,151,667,25,87,92,17,6.60%,17.80%,0.187,0.302,0.273,0.332,0.46,0.344,119,2.4,17,-4.2,3.6,4962
2007,Derek Jeter,Yankees,156,714,12,102,73,15,7.80%,14.00%,0.13,0.367,0.322,0.388,0.452,0.371,125,0.9,23.7,-11.2,3.6,826
2004,Cesar Izturis,Dodgers,159,728,4,90,62,25,5.90%,9.60%,0.093,0.316,0.288,0.33,0.381,0.312,88,3.3,-8.3,21.1,3.6,656
2011,Jimmy Rollins,Phillies,142,631,16,87,63,30,9.20%,9.40%,0.131,0.275,0.268,0.338,0.399,0.325,103,3.2,5.1,9.6,3.6,971
1990,Walt Weiss,Athletics,138,505,2,50,35,9,9.10%,10.50%,0.056,0.294,0.265,0.337,0.321,0.301,91,0.4,-4.8,24.1,3.6,1013748
2006,Edgar Renteria,Braves,149,673,14,100,70,17,9.20%,13.20%,0.144,0.324,0.293,0.361,0.436,0.349,108,0.8,7.7,7.2,3.6,1178
1987,Ozzie Guillen,White Sox,149,604,2,64,51,25,3.60%,8.60%,0.075,0.3,0.279,0.303,0.354,0.288,72,1.3,-20.4,36,3.6,1005125
1994,Jay Bell,Pirates,110,487,9,68,45,2,10.10%,16.80%,0.165,0.321,0.276,0.353,0.441,0.349,107,0.4,4.8,15.8,3.6,48
1989,Tony Fernandez,Blue Jays,140,617,11,64,64,22,4.70%,8.30%,0.133,0.261,0.257,0.291,0.389,0.303,88,1.9,-6.6,20.7,3.6,1004002
2013,Yunel Escobar,Rays,153,578,9,61,56,4,9.90%,12.60%,0.11,0.281,0.256,0.332,0.366,0.311,98,-2.3,-3.4,17.5,3.6,4191
2000,Miguel Tejada,Athletics,160,681,30,105,115,6,9.70%,15.00%,0.204,0.287,0.275,0.349,0.479,0.356,109,1.3,9.6,4.2,3.5,941
2014,Jose Reyes,Blue Jays,143,655,9,94,51,30,5.80%,11.10%,0.111,0.312,0.287,0.328,0.398,0.321,104,8.3,11.1,-0.1,3.5,1736
2011,Yunel Escobar,Blue Jays,133,590,11,77,48,3,10.30%,11.90%,0.123,0.316,0.29,0.369,0.413,0.348,116,-2.9,8.1,6.1,3.5,4191
2017,Tim Beckham,- - -,137,575,22,67,62,6,6.30%,29.00%,0.176,0.365,0.278,0.328,0.454,0.334,109,0.6,6.8,8.7,3.5,7949
2010,Cliff Pennington,Athletics,156,576,6,64,46,29,8.70%,16.70%,0.118,0.296,0.25,0.319,0.368,0.308,91,7.6,1.5,12.7,3.5,3395
2005,Orlando Cabrera,Angels,141,587,8,70,57,21,6.50%,8.50%,0.107,0.271,0.257,0.309,0.365,0.295,80,3.8,-10.8,26,3.5,766
2004,Juan Uribe,White Sox,134,553,23,82,74,9,5.80%,17.40%,0.223,0.307,0.283,0.327,0.506,0.352,110,-3,3.8,13.2,3.5,454
1987,Cal Ripken,Orioles,162,717,27,97,98,3,11.30%,10.70%,0.184,0.245,0.252,0.333,0.436,0.336,104,-1.8,2.2,8.8,3.5,1010978
2002,Jose Valentin,White Sox,135,527,25,70,75,3,8.20%,18.80%,0.23,0.262,0.249,0.311,0.479,0.337,102,0.6,2.1,14.8,3.5,256
1998,Mike Bordick,Orioles,151,533,13,59,51,6,7.30%,12.20%,0.151,0.276,0.26,0.328,0.411,0.327,96,-1.8,-4.9,21.6,3.5,129
2013,Jean Segura,Brewers,146,623,12,74,49,44,4.00%,13.50%,0.129,0.326,0.294,0.329,0.423,0.329,105,5.1,8.3,5.3,3.5,5933
2013,Jed Lowrie,Athletics,154,662,15,80,75,1,7.60%,13.70%,0.156,0.319,0.29,0.344,0.446,0.345,120,-1.8,13.6,-3.3,3.5,4418
2005,Bill Hall,Brewers,146,546,17,69,62,18,7.10%,18.90%,0.204,0.336,0.291,0.342,0.495,0.358,116,2.4,13.3,3.3,3.4,1605
1991,Mike Gallego,Athletics,159,567,12,67,49,6,11.80%,14.80%,0.122,0.275,0.247,0.343,0.369,0.326,105,-2.4,1.1,14.2,3.4,1004458
1998,Omar Vizquel,Indians,151,660,2,86,50,37,9.40%,9.70%,0.083,0.318,0.288,0.358,0.372,0.329,92,2.2,-5,17.1,3.4,411
1998,Jay Bell,Diamondbacks,155,645,20,79,67,3,12.60%,20.00%,0.18,0.293,0.251,0.353,0.432,0.346,106,-1.6,3,11.4,3.4,48
1991,Travis Fryman,Tigers,149,612,21,65,91,12,6.50%,24.30%,0.189,0.313,0.259,0.309,0.447,0.335,106,0.4,4.6,8.5,3.4,385
1992,Omar Vizquel,Mariners,136,527,0,49,21,15,6.10%,7.20%,0.058,0.318,0.294,0.34,0.352,0.318,96,-2.1,-4.5,20.1,3.4,411
2014,Hanley Ramirez,Dodgers,128,512,13,64,71,14,10.90%,16.40%,0.165,0.323,0.283,0.369,0.448,0.362,136,0.7,21.6,-6.1,3.4,8001
1992,Pat Listach,Brewers,149,649,1,93,47,54,8.50%,19.10%,0.059,0.366,0.29,0.352,0.349,0.324,101,3.7,4.6,5.9,3.4,1007655
2006,Michael Young,Rangers,162,748,14,93,103,7,6.40%,12.80%,0.145,0.345,0.314,0.356,0.459,0.352,107,-3.9,2.6,6.3,3.4,1286
2003,Miguel Tejada,Athletics,162,703,27,98,106,10,7.50%,9.20%,0.193,0.272,0.278,0.336,0.472,0.344,109,4.9,13.2,-3.3,3.4,941
2008,Derek Jeter,Yankees,150,668,11,88,69,11,7.80%,12.70%,0.107,0.333,0.3,0.363,0.408,0.344,109,-2.4,4.6,6.1,3.3,826
2006,Omar Vizquel,Giants,153,659,4,88,58,24,8.50%,7.70%,0.093,0.316,0.295,0.361,0.389,0.331,95,0.7,-3.5,16.1,3.3,411
2007,Jason Bartlett,Twins,140,570,5,75,43,23,8.80%,12.80%,0.096,0.3,0.265,0.339,0.361,0.313,88,8,-0.3,14.8,3.3,8219
2000,Rafael Furcal,Braves,131,542,4,87,37,40,13.50%,14.80%,0.088,0.349,0.295,0.394,0.382,0.355,107,1.6,6.5,10.7,3.3,88
2013,J.J. Hardy,Orioles,159,644,25,66,76,2,5.90%,11.30%,0.17,0.263,0.263,0.306,0.433,0.322,99,-3.2,-3.8,13.3,3.3,3797
2008,Jhonny Peralta,Indians,154,664,23,104,89,3,7.20%,19.00%,0.197,0.312,0.276,0.331,0.473,0.347,112,-4.8,4.8,5.7,3.3,1738
2002,Omar Vizquel,Indians,151,663,14,85,72,18,8.40%,9.70%,0.143,0.284,0.275,0.341,0.418,0.331,102,5.2,6.8,3.7,3.3,411
2014,J.J. Hardy,Orioles,141,569,9,56,52,0,5.10%,18.30%,0.104,0.317,0.268,0.309,0.372,0.303,90,-2.5,-8.6,20.4,3.3,3797
2008,Orlando Cabrera,White Sox,161,730,8,93,57,19,7.70%,9.70%,0.089,0.301,0.281,0.334,0.371,0.314,85,-0.3,-14.2,22.1,3.3,766
2007,Carlos Guillen,Tigers,151,630,21,86,102,13,8.70%,14.80%,0.206,0.319,0.296,0.357,0.502,0.364,120,0.7,16.3,-4.6,3.3,1079
2009,Elvis Andrus,Rangers,145,541,6,72,40,33,7.40%,14.20%,0.106,0.305,0.267,0.329,0.373,0.313,81,8.7,-4.4,18.3,3.2,8709
2004,Omar Vizquel,Indians,148,651,7,82,59,19,8.80%,9.50%,0.097,0.313,0.291,0.353,0.388,0.329,99,6.2,5.3,5.6,3.2,411
1996,Omar Vizquel,Indians,151,623,9,98,64,35,9.00%,6.70%,0.12,0.304,0.297,0.362,0.417,0.346,98,2.8,1.4,9.1,3.2,411
1985,Alan Trammell,Tigers,149,678,13,79,57,14,7.40%,10.50%,0.122,0.27,0.258,0.312,0.38,0.307,91,0.6,-7,16.2,3.2,1013157
2014,Alexei Ramirez,White Sox,158,657,15,82,74,21,3.70%,12.30%,0.135,0.292,0.273,0.305,0.408,0.314,100,1.4,1.3,6.4,3.2,5133
2017,Xander Bogaerts,Red Sox,148,635,10,94,62,15,8.80%,18.30%,0.13,0.327,0.273,0.343,0.403,0.321,96,8.3,4.8,5.1,3.2,12161
2014,Alcides Escobar,Royals,162,620,3,74,50,31,3.70%,13.40%,0.092,0.326,0.285,0.317,0.377,0.307,93,4.8,-0.1,9,3.2,6310
2004,Khalil Greene,Padres,139,554,15,67,65,4,9.60%,17.00%,0.174,0.305,0.273,0.349,0.446,0.339,110,2.7,9.6,4.2,3.2,1826
2013,Alexei Ramirez,White Sox,158,674,6,68,48,30,3.90%,10.10%,0.096,0.309,0.284,0.313,0.38,0.304,88,3.4,-5.7,12.7,3.2,5133
2015,Andrelton Simmons,Braves,147,583,4,60,44,5,6.70%,8.20%,0.073,0.285,0.265,0.321,0.338,0.29,81,0.6,-12.4,23.9,3.2,10847
2001,Orlando Cabrera,Expos,162,684,14,64,96,19,6.30%,7.90%,0.152,0.281,0.276,0.324,0.428,0.322,87,0.7,-10.9,20.2,3.1,766
1989,Jody Reed,Red Sox,146,619,3,76,40,4,11.80%,7.10%,0.105,0.307,0.288,0.376,0.393,0.353,118,-1.4,11.1,-3.1,3.1,1010771
1990,Ozzie Smith,Cardinals,143,592,1,61,50,32,10.30%,5.60%,0.051,0.264,0.254,0.33,0.305,0.293,78,3.8,-11.5,21.4,3.1,1012186
2015,Didi Gregorius,Yankees,155,578,9,57,56,5,5.70%,14.70%,0.105,0.297,0.265,0.318,0.37,0.303,89,3.5,-3.7,14.2,3.1,6012
1987,Julio Franco,Indians,128,560,8,86,52,32,10.20%,10.00%,0.109,0.344,0.319,0.389,0.428,0.362,120,2.3,16.3,-3.8,3.1,87
2016,Jonathan Villar,Brewers,156,679,19,92,63,62,11.60%,25.60%,0.171,0.373,0.285,0.369,0.457,0.356,119,3.2,19,-10.4,3.1,10071
2012,Starlin Castro,Cubs,162,691,14,78,78,25,5.20%,14.50%,0.147,0.315,0.283,0.323,0.43,0.323,100,-0.9,-1.3,9.2,3.1,4579
1993,Tony Fernandez,- - -,142,594,5,65,64,21,9.40%,7.60%,0.114,0.296,0.279,0.348,0.394,0.332,100,0.2,0.4,10.6,3.1,1004002
2009,Rafael Furcal,Dodgers,150,680,9,92,47,12,9.00%,13.10%,0.106,0.302,0.269,0.335,0.375,0.317,93,2.5,-3.7,12.2,3,88
2008,Ryan Theriot,Cubs,149,661,1,85,38,22,11.00%,8.80%,0.052,0.339,0.307,0.387,0.359,0.341,99,1.3,0.5,8.4,3,3811
1999,Rey Ordonez,Mets,154,588,1,49,60,8,8.30%,10.00%,0.06,0.285,0.258,0.319,0.317,0.282,62,-0.2,-30.7,41.1,3,889
2016,Asdrubal Cabrera,Mets,141,568,23,65,62,5,6.70%,18.10%,0.194,0.31,0.28,0.336,0.474,0.345,119,-3.7,9.4,1.8,3,4962
2008,Marco Scutaro,Blue Jays,145,592,7,76,60,7,9.60%,11.00%,0.089,0.29,0.267,0.341,0.356,0.315,89,-0.5,-8.4,17.9,3,1555
1989,Alan Trammell,Tigers,121,506,5,54,43,10,8.90%,8.90%,0.091,0.257,0.243,0.314,0.334,0.298,86,1,-7,19,3,1013157
2011,Emilio Bonifacio,Marlins,152,641,5,78,36,40,9.20%,20.10%,0.097,0.372,0.296,0.36,0.393,0.335,109,6.9,13.4,-5.3,3,4054
1990,Howard Johnson,Mets,154,668,23,89,90,34,10.30%,15.00%,0.19,0.254,0.244,0.319,0.434,0.329,106,3.4,8.4,-3.7,3,1006462
2010,Alex Gonzalez,- - -,157,640,23,74,88,1,4.80%,18.40%,0.197,0.275,0.25,0.294,0.447,0.321,96,-2.3,-5.1,12.5,2.9,520
2009,Asdrubal Cabrera,Indians,131,581,6,81,68,17,7.60%,15.30%,0.13,0.36,0.308,0.361,0.438,0.351,112,3.2,11.8,-2.5,2.9,4962
1997,Royce Clayton,Cardinals,154,619,9,75,61,30,5.30%,17.60%,0.132,0.311,0.266,0.306,0.398,0.307,81,1.7,-13.3,22.9,2.9,226
2014,Brandon Crawford,Giants,153,564,10,54,69,5,10.50%,22.90%,0.143,0.307,0.246,0.324,0.389,0.309,101,2,2.3,7.5,2.9,5343
2015,Addison Russell,Cubs,142,523,13,60,54,4,8.00%,28.50%,0.147,0.324,0.242,0.307,0.389,0.304,90,0.4,-6,17.1,2.9,14106
2017,Jean Segura,Mariners,125,566,11,80,45,22,6.00%,14.70%,0.128,0.339,0.3,0.349,0.427,0.334,111,-0.5,7.4,2.3,2.9,5933
1993,Andujar Cedeno,Astros,149,569,11,69,56,9,8.40%,17.00%,0.129,0.328,0.283,0.346,0.412,0.333,106,-1,3.3,5.6,2.9,1002099
1988,Howard Johnson,Mets,148,594,24,85,68,23,14.50%,17.50%,0.192,0.24,0.23,0.343,0.422,0.33,118,1.5,13.2,-5.5,2.9,1006462
2016,Troy Tulowitzki,Blue Jays,131,544,24,54,79,1,7.90%,18.60%,0.189,0.272,0.254,0.318,0.443,0.327,103,-2.7,-0.8,10.4,2.9,3531
1999,Rey Sanchez,Royals,134,518,2,66,56,11,4.20%,9.30%,0.075,0.322,0.294,0.329,0.37,0.31,74,-0.1,-18.3,29,2.9,213
2001,Shane Halter,Tigers,136,507,12,53,65,3,7.30%,19.70%,0.182,0.337,0.284,0.344,0.467,0.346,115,-0.7,8.7,3,2.9,468
2013,Elvis Andrus,Rangers,156,698,4,91,67,42,7.40%,13.90%,0.06,0.312,0.271,0.328,0.331,0.296,78,10.6,-6.7,10.1,2.8,8709
1988,Walt Weiss,Athletics,147,511,3,44,39,4,6.80%,11.00%,0.071,0.275,0.25,0.312,0.321,0.29,85,-1.1,-9.9,20.7,2.8,1013748
1988,Ozzie Guillen,White Sox,156,606,0,58,39,25,4.10%,6.60%,0.053,0.28,0.261,0.294,0.314,0.274,69,-0.4,-22.1,30.4,2.8,1005125
1993,Greg Gagne,Royals,159,581,10,66,57,10,5.70%,16.00%,0.126,0.32,0.28,0.319,0.406,0.321,92,-2.9,-8.5,18.2,2.8,1004427
2008,Cristian Guzman,Nationals,138,612,9,77,55,6,3.80%,9.30%,0.124,0.337,0.316,0.345,0.44,0.344,106,-1.6,2.9,5.5,2.8,728
1988,Kurt Stillwell,Royals,128,518,10,63,53,6,9.10%,14.70%,0.148,0.279,0.251,0.322,0.399,0.325,103,-1.1,0.8,8.5,2.8,1012536
2014,Starlin Castro,Cubs,134,569,14,58,65,4,6.20%,17.60%,0.146,0.337,0.292,0.339,0.438,0.341,117,-4.7,6.4,2.4,2.8,4579
1996,John Valentin,Red Sox,131,606,13,84,59,9,10.40%,9.70%,0.14,0.31,0.296,0.374,0.436,0.36,106,-2.9,2.4,4.4,2.8,1375
2008,Yunel Escobar,Braves,136,587,10,71,60,2,10.10%,10.60%,0.113,0.311,0.288,0.366,0.401,0.341,106,-4.2,0.2,8.8,2.8,4191
1990,Jody Reed,Red Sox,155,691,5,70,51,4,10.90%,9.40%,0.1,0.316,0.289,0.371,0.39,0.346,112,-1.1,8.1,-3.6,2.8,1010771
2010,Juan Uribe,Giants,148,575,24,64,85,1,7.80%,16.00%,0.192,0.256,0.248,0.31,0.44,0.324,102,-3.5,-2,11,2.8,454
2011,Starlin Castro,Cubs,158,715,10,91,66,22,4.90%,13.40%,0.125,0.344,0.307,0.341,0.432,0.338,109,-2.7,4.3,-0.3,2.8,4579
2004,Rafael Furcal,Braves,143,632,14,103,59,29,9.20%,11.20%,0.135,0.296,0.279,0.344,0.414,0.33,97,9.2,6.7,0.5,2.8,88
1999,Royce Clayton,Rangers,133,520,14,69,52,8,7.50%,19.20%,0.157,0.339,0.288,0.346,0.445,0.347,98,-1.1,-2.3,13.1,2.8,226
2007,Khalil Greene,Padres,153,659,27,89,97,4,4.90%,19.40%,0.214,0.274,0.254,0.291,0.468,0.321,98,2.3,0.2,6.4,2.8,1826
1999,Miguel Tejada,Athletics,159,674,21,93,84,8,8.50%,13.90%,0.175,0.265,0.251,0.325,0.427,0.328,92,-1.6,-9.2,14.4,2.8,941
2003,Julio Lugo,- - -,139,556,15,64,55,12,7.90%,18.00%,0.139,0.311,0.271,0.333,0.41,0.326,97,3.1,1,7.8,2.7,565
2004,Michael Young,Rangers,160,739,22,114,99,12,6.00%,12.00%,0.17,0.333,0.313,0.353,0.483,0.359,110,5.3,14.6,-11.6,2.7,1286
2003,Alex Gonzalez,Marlins,150,582,18,52,77,0,5.70%,18.20%,0.188,0.286,0.256,0.313,0.443,0.318,93,0.1,-5.2,13.7,2.7,520
1986,Julio Franco,Indians,149,636,10,80,74,10,5.00%,10.40%,0.117,0.328,0.306,0.338,0.422,0.337,105,-0.9,2.8,2.1,2.7,87
1993,Mike Lansing,Expos,141,555,3,64,45,23,8.30%,10.10%,0.081,0.317,0.287,0.352,0.369,0.327,98,2.7,1.3,6,2.7,1007334
2003,Angel Berroa,Royals,158,635,17,92,73,21,4.60%,15.70%,0.164,0.319,0.287,0.338,0.451,0.34,101,2.7,3.3,2.1,2.7,591
1997,Omar Vizquel,Indians,153,642,5,89,49,43,8.90%,9.00%,0.088,0.304,0.28,0.347,0.368,0.323,89,3.5,-5.4,10.1,2.7,411
2006,Orlando Cabrera,Angels,153,675,9,95,72,27,7.60%,8.60%,0.122,0.294,0.282,0.335,0.404,0.322,92,6.5,-0.4,4.6,2.7,766
2016,Didi Gregorius,Yankees,153,597,20,68,70,7,3.20%,13.70%,0.171,0.29,0.276,0.304,0.447,0.319,98,3.6,1.9,3.8,2.7,6012
2002,Rafael Furcal,Braves,154,693,8,95,47,27,6.20%,16.50%,0.112,0.324,0.275,0.323,0.387,0.313,88,2.8,-7.3,11.3,2.7,88
2004,Bobby Crosby,Athletics,151,623,22,70,64,7,9.30%,22.60%,0.187,0.278,0.239,0.319,0.426,0.324,93,-0.6,-5.9,11.8,2.6,1818
2012,Derek Jeter,Yankees,159,740,15,99,58,9,6.10%,12.20%,0.113,0.347,0.316,0.362,0.429,0.347,117,-3.3,11.4,-10.6,2.6,826
2016,Eduardo Nunez,- - -,141,595,16,73,67,40,4.90%,14.80%,0.145,0.314,0.288,0.325,0.432,0.324,101,2.8,3.4,2.6,2.6,6848
2012,Asdrubal Cabrera,Indians,143,616,16,70,68,9,8.40%,16.10%,0.153,0.303,0.27,0.338,0.423,0.332,112,-1.6,7,-2.3,2.6,4962
2012,Hanley Ramirez,- - -,157,667,24,79,92,21,8.10%,19.80%,0.18,0.29,0.257,0.322,0.437,0.328,107,0.3,6.1,-1.7,2.6,8001
2001,Carlos Guillen,Mariners,140,523,5,72,53,4,10.10%,17.00%,0.096,0.307,0.259,0.333,0.355,0.307,89,0.3,-7.2,15.7,2.6,1079
2000,Damian Jackson,Padres,138,541,6,68,37,28,11.50%,20.00%,0.121,0.318,0.255,0.345,0.377,0.324,93,2.9,-2.4,11.7,2.6,471
1993,Ozzie Smith,Cardinals,141,603,1,75,53,21,7.10%,3.00%,0.068,0.293,0.288,0.337,0.356,0.313,90,1,-6.5,11,2.6,1012186
2001,Rey Sanchez,- - -,149,579,0,56,37,11,2.60%,8.50%,0.055,0.306,0.281,0.3,0.336,0.279,61,1.7,-27.4,33.4,2.6,213
2009,Jimmy Rollins,Phillies,155,725,21,100,77,31,6.10%,9.70%,0.173,0.251,0.25,0.296,0.423,0.312,85,4.2,-9,11.5,2.6,971
2007,Jack Wilson,Pirates,135,535,12,67,56,2,7.10%,8.60%,0.145,0.303,0.296,0.35,0.44,0.34,102,0.9,2.2,6.2,2.5,1017
2006,Aaron Hill,Blue Jays,155,606,6,70,50,5,6.90%,10.90%,0.095,0.319,0.291,0.349,0.386,0.323,90,3.9,-3.8,9.1,2.5,6104
1991,Tony Fernandez,Padres,145,621,4,81,38,23,8.90%,11.90%,0.088,0.308,0.272,0.337,0.36,0.319,99,1,0.2,3.8,2.5,1004002
2010,Jose Reyes,Mets,133,603,11,83,54,30,5.10%,10.40%,0.146,0.301,0.282,0.321,0.428,0.325,102,2.8,4.3,1.4,2.5,1736
2000,Omar Vizquel,Indians,156,717,7,101,66,22,12.10%,10.00%,0.088,0.314,0.287,0.377,0.375,0.343,96,-0.1,-4.2,5.8,2.5,411
2016,Zack Cozart,Reds,121,508,16,67,50,4,7.30%,16.50%,0.172,0.274,0.252,0.308,0.425,0.312,91,-0.4,-6,14.5,2.5,2616
2000,Rich Aurilia,Giants,141,571,20,67,79,1,9.50%,15.80%,0.173,0.293,0.271,0.339,0.444,0.34,100,-0.6,-0.4,8.1,2.5,1106
1985,Garry Templeton,Padres,148,596,6,63,55,16,6.90%,14.80%,0.095,0.325,0.282,0.332,0.377,0.303,92,0.6,-5.1,9.9,2.5,1012909
2005,David Eckstein,Cardinals,158,713,8,90,61,11,8.10%,6.20%,0.102,0.304,0.294,0.363,0.395,0.338,105,-1.7,3.2,-1.6,2.5,10
2008,Miguel Tejada,Astros,158,666,13,92,66,7,3.60%,10.80%,0.131,0.302,0.283,0.314,0.415,0.317,90,-5.7,-13.7,16.9,2.5,941
1986,Alfredo Griffin,Athletics,162,649,4,74,51,33,5.40%,8.00%,0.079,0.303,0.285,0.323,0.364,0.305,91,0.1,-6.9,8.8,2.4,1005036
2015,Troy Tulowitzki,- - -,128,534,17,77,70,1,7.10%,21.30%,0.16,0.331,0.28,0.337,0.44,0.335,101,-4,-3.2,9.1,2.4,3531
2012,J.J. Hardy,Orioles,158,713,22,85,68,0,5.30%,14.90%,0.151,0.253,0.238,0.282,0.389,0.29,78,-2.4,-20.4,19.8,2.4,3797
1995,Royce Clayton,Giants,138,557,5,56,58,24,6.80%,19.60%,0.098,0.299,0.244,0.298,0.342,0.288,72,0.7,-18.9,24.2,2.4,226
1988,Dick Schofield,Angels,155,589,6,61,34,20,6.80%,9.70%,0.078,0.258,0.239,0.303,0.317,0.286,79,1.6,-12.7,16.3,2.4,1011602
2007,Brendan Harris,Devil Rays,137,576,12,72,59,4,7.30%,16.70%,0.148,0.331,0.286,0.343,0.434,0.341,107,1.2,5.9,-1.5,2.4,2178
2012,Jhonny Peralta,Tigers,150,585,13,58,63,1,8.40%,17.90%,0.145,0.275,0.239,0.305,0.384,0.301,86,-5.2,-14.8,18,2.4,1738
2000,Deivi Cruz,Tigers,156,615,10,68,82,1,2.10%,7.00%,0.148,0.309,0.302,0.318,0.449,0.329,92,-1.6,-7.9,11,2.4,1025
1996,Mark Grudzielanek,Expos,153,696,6,99,49,33,3.70%,11.90%,0.091,0.342,0.306,0.34,0.397,0.326,96,3.3,-0.6,4.2,2.4,653
2008,Michael Young,Rangers,155,708,12,102,82,10,7.80%,15.40%,0.118,0.323,0.284,0.339,0.402,0.328,95,2.1,-2.6,1.9,2.3,1286
1994,Wil Cordero,Expos,110,467,15,65,63,16,8.80%,13.30%,0.195,0.314,0.294,0.363,0.489,0.369,120,1.9,13.7,-5,2.3,770
1987,Scott Fletcher,Rangers,156,668,5,82,63,13,9.10%,9.90%,0.087,0.316,0.287,0.358,0.374,0.328,96,-2.8,-6.3,6.9,2.3,1004155
2016,Marcus Semien,Athletics,159,621,27,72,75,10,8.20%,22.40%,0.197,0.268,0.238,0.3,0.435,0.315,98,-0.3,-1.9,3.4,2.3,12533
2016,Freddy Galvis,Phillies,158,624,20,61,67,17,4.00%,21.80%,0.158,0.28,0.241,0.274,0.399,0.284,73,1.2,-19.4,22,2.3,6609
1985,Hubie Brooks,Expos,156,652,13,67,100,6,5.20%,12.10%,0.144,0.288,0.269,0.31,0.413,0.316,101,-2.6,-1.9,2.5,2.3,1001472
1998,Gary DiSarcina,Angels,157,595,3,73,56,11,3.50%,8.60%,0.098,0.31,0.287,0.321,0.385,0.312,83,-0.8,-13.8,16.5,2.3,1003322
2005,Omar Vizquel,Giants,152,651,3,66,45,24,8.60%,8.90%,0.079,0.297,0.271,0.341,0.35,0.311,86,-0.3,-12,13.5,2.3,411
2013,Brandon Crawford,Giants,149,550,9,52,43,1,7.60%,17.50%,0.114,0.29,0.248,0.311,0.363,0.296,93,-0.7,-5.3,10.1,2.3,5343
2003,Jimmy Rollins,Phillies,156,689,8,85,62,20,7.80%,16.40%,0.124,0.308,0.263,0.32,0.387,0.309,85,0.3,-12.7,13.1,2.3,971
2002,Rich Aurilia,Giants,133,589,15,76,61,1,6.30%,15.30%,0.156,0.28,0.257,0.305,0.413,0.313,91,-2.2,-8.6,12.2,2.3,1106
2012,Zack Cozart,Reds,138,600,15,72,35,4,5.20%,18.80%,0.153,0.282,0.246,0.288,0.399,0.298,83,1.1,-11,13.9,2.3,2616
2010,Derek Jeter,Yankees,157,739,10,111,67,18,8.50%,14.30%,0.1,0.307,0.27,0.34,0.37,0.318,93,1,-5.3,1.8,2.3,826
2009,Ryan Theriot,Cubs,154,677,7,81,54,21,7.50%,13.70%,0.085,0.323,0.284,0.343,0.369,0.319,87,1.3,-9.6,10.3,2.2,3811
2017,Javier Baez,Cubs,145,508,23,75,75,10,5.90%,28.30%,0.207,0.345,0.273,0.317,0.48,0.326,98,3.8,2.2,3.9,2.2,12979
1996,Derek Jeter,Yankees,157,654,10,104,78,14,7.30%,15.60%,0.115,0.361,0.314,0.37,0.43,0.354,106,-0.5,5.3,-5.5,2.2,826
1996,Alex Gonzalez,Blue Jays,147,587,14,64,64,16,7.70%,21.60%,0.156,0.283,0.235,0.3,0.391,0.305,74,0.4,-20.5,21.1,2.2,281
1994,Royce Clayton,Giants,108,423,3,38,30,23,7.10%,17.50%,0.091,0.284,0.236,0.295,0.327,0.278,65,3.3,-15.6,23.7,2.2,226
2005,Adam Everett,Astros,152,595,11,58,54,21,4.40%,17.30%,0.117,0.285,0.248,0.29,0.364,0.287,70,4.9,-17.6,20.3,2.2,1430
1993,Royce Clayton,Giants,153,607,6,54,70,11,6.30%,15.00%,0.089,0.325,0.282,0.331,0.372,0.315,94,-1.8,-6.5,7.2,2.2,226
2005,Juan Uribe,White Sox,146,540,16,58,71,4,6.30%,14.30%,0.16,0.264,0.252,0.301,0.412,0.308,84,0.5,-10.3,14.2,2.2,454
2006,Adam Everett,Astros,150,566,6,52,59,9,6.00%,12.50%,0.113,0.265,0.239,0.29,0.352,0.278,62,0.6,-27.7,31.7,2.2,1430
2001,David Eckstein,Angels,153,664,4,82,41,29,6.50%,9.00%,0.072,0.312,0.285,0.355,0.357,0.321,95,4,-0.5,0.1,2.2,10
2004,Jose Valentin,White Sox,125,504,30,73,70,8,8.50%,27.60%,0.258,0.237,0.216,0.287,0.473,0.32,88,0.7,-7,12.4,2.2,256
1998,Jose Hernandez,Cubs,149,533,23,76,75,4,7.50%,26.30%,0.217,0.309,0.254,0.311,0.471,0.335,100,-1.8,-1.9,7.5,2.2,688
1989,Kevin Elster,Mets,151,508,10,52,55,4,6.70%,15.20%,0.129,0.253,0.231,0.283,0.36,0.281,81,-0.5,-11.3,16.5,2.2,1003758
2011,Derek Jeter,Yankees,131,607,6,84,61,16,7.60%,13.30%,0.092,0.336,0.297,0.355,0.388,0.331,104,0.4,3.3,-2.4,2.2,826
2015,Asdrubal Cabrera,Rays,143,551,15,66,58,6,6.50%,19.40%,0.164,0.306,0.265,0.315,0.43,0.319,104,0.5,2.7,-0.5,2.1,4962
1993,Walt Weiss,Marlins,158,591,1,50,39,7,13.40%,12.40%,0.042,0.307,0.266,0.367,0.308,0.31,86,0.3,-9.6,10.2,2.1,1013748
1997,Jose Vizcaino,Giants,151,630,5,77,50,8,7.60%,13.80%,0.085,0.306,0.266,0.323,0.35,0.303,82,-1.8,-16.2,17.6,2.1,577
1990,Ozzie Guillen,White Sox,160,563,1,61,58,13,4.60%,6.60%,0.062,0.296,0.279,0.312,0.341,0.29,78,-4.3,-18.2,21.4,2.1,1005125
1995,Mike Bordick,Athletics,126,478,8,46,44,11,7.30%,10.00%,0.086,0.28,0.264,0.325,0.35,0.305,81,0.8,-11.4,16.5,2.1,129
2007,Michael Young,Rangers,156,692,9,80,94,13,6.80%,15.50%,0.103,0.366,0.315,0.366,0.418,0.346,105,-2,2.7,-4.9,2.1,1286
2009,Stephen Drew,Diamondbacks,135,595,12,71,65,5,8.20%,14.60%,0.167,0.288,0.261,0.32,0.428,0.321,87,3,-6.3,8.3,2.1,4251
2011,Jamey Carroll,Dodgers,146,510,0,52,17,10,9.20%,11.40%,0.058,0.332,0.29,0.359,0.347,0.317,103,4,5.5,-1.5,2.1,1591
2012,Alcides Escobar,Royals,155,648,5,68,52,35,4.20%,15.40%,0.098,0.344,0.293,0.331,0.39,0.316,97,7,4.8,-6.4,2.1,6310
1999,Rich Aurilia,Giants,152,614,22,68,80,2,7.00%,11.60%,0.163,0.287,0.281,0.336,0.444,0.339,99,-0.9,-1.6,3.9,2.1,1106
2001,Jimmy Rollins,Phillies,158,720,14,97,54,46,6.70%,15.00%,0.145,0.308,0.274,0.323,0.419,0.32,93,5.7,-1.3,-0.9,2.1,971
2016,Elvis Andrus,Rangers,147,568,8,75,69,24,8.30%,12.30%,0.136,0.333,0.302,0.362,0.439,0.344,112,1.8,9.7,-8.7,2.1,8709
2001,Alex Gonzalez,Blue Jays,154,703,17,79,76,18,6.10%,21.20%,0.135,0.3,0.253,0.303,0.388,0.3,78,-1.2,-20.6,17.1,2.1,281
2010,Elvis Andrus,Rangers,148,674,0,88,35,32,9.50%,14.20%,0.036,0.317,0.265,0.342,0.301,0.298,75,8.4,-11.3,8.2,2.1,8709
1986,Wayne Tolleson,- - -,141,546,3,61,43,17,9.50%,13.90%,0.074,0.308,0.265,0.338,0.339,0.31,88,-0.7,-8.7,10.7,2.1,1013103
1996,Jay Bell,Pirates,151,598,13,65,71,6,9.00%,18.10%,0.14,0.289,0.25,0.323,0.391,0.313,85,-0.7,-12.3,15,2,48
2000,Edgar Renteria,Cardinals,150,643,16,94,76,21,9.80%,12.00%,0.146,0.293,0.278,0.346,0.423,0.337,95,-1.7,-6.2,6.5,2,1178
2012,Jamey Carroll,Twins,138,537,1,65,40,9,9.70%,12.10%,0.049,0.306,0.268,0.343,0.317,0.299,86,-1.4,-10,11.6,2,1591
2009,Alexei Ramirez,White Sox,148,606,15,71,68,14,8.10%,10.90%,0.113,0.288,0.277,0.333,0.389,0.319,86,-0.1,-10.6,10.2,2,5133
2004,Edgar Renteria,Cardinals,149,642,10,84,72,17,6.10%,12.10%,0.114,0.311,0.287,0.327,0.401,0.314,88,2.2,-7.9,7,2,1178
2017,Jose Reyes,Mets,145,561,15,75,58,24,8.90%,14.10%,0.168,0.263,0.246,0.315,0.413,0.312,94,5.4,1.1,1.1,2,1736
2016,Jose Iglesias,Tigers,137,513,4,57,32,7,5.50%,9.70%,0.081,0.276,0.255,0.306,0.336,0.283,72,1.8,-15.3,17.6,2,10231
2017,Brandon Crawford,Giants,144,570,14,58,77,3,7.40%,19.80%,0.151,0.293,0.253,0.305,0.403,0.301,86,-1.3,-11.5,13.2,2,5343
2007,Omar Vizquel,Giants,145,575,4,54,51,14,7.70%,8.30%,0.07,0.263,0.246,0.305,0.316,0.277,60,1.4,-28.7,30.2,2,411
1994,Mike Gallego,Yankees,89,357,6,39,41,0,10.60%,12.90%,0.121,0.26,0.239,0.327,0.359,0.309,81,-0.4,-9.2,17,2,1004458
2003,Rich Aurilia,Giants,129,545,13,65,58,2,6.60%,15.00%,0.133,0.308,0.277,0.325,0.41,0.322,94,-2.6,-6.6,8.8,2,1106
1990,Jay Bell,Pirates,159,696,7,93,52,10,9.30%,15.70%,0.108,0.298,0.254,0.329,0.362,0.315,97,-0.6,-3.4,-2.5,2,48
2014,Jed Lowrie,Athletics,136,566,6,59,50,0,9.00%,14.00%,0.106,0.281,0.249,0.321,0.355,0.3,95,-2.9,-6.3,6,2,4418
2014,Jordy Mercer,Pirates,149,555,12,56,55,4,6.30%,16.00%,0.132,0.285,0.255,0.305,0.387,0.299,91,0,-5.3,6.8,2,6547
2000,Mike Bordick,- - -,156,644,20,88,80,9,7.60%,15.40%,0.158,0.311,0.285,0.341,0.443,0.342,101,-0.9,0.2,-1.2,2,129
2012,Alexei Ramirez,White Sox,158,621,9,59,73,20,2.60%,12.40%,0.099,0.29,0.265,0.287,0.364,0.282,72,3.2,-17.4,15.4,2,5133
2001,Craig Counsell,Diamondbacks,141,535,4,76,38,6,11.40%,14.20%,0.087,0.318,0.275,0.359,0.362,0.321,88,-2.3,-11,13.2,2,52
2016,Brad Miller,Rays,152,601,30,73,81,6,7.80%,24.80%,0.239,0.277,0.243,0.304,0.482,0.333,111,1.6,9.6,-10.9,2,12775
1994,Ozzie Smith,Cardinals,98,433,3,51,30,6,8.80%,6.00%,0.087,0.272,0.262,0.326,0.349,0.301,79,-0.1,-12,17.1,1.9,1012186
2004,David Eckstein,Angels,142,637,2,92,35,16,6.60%,7.70%,0.057,0.298,0.276,0.339,0.332,0.304,83,2.9,-11.1,9.3,1.9,10
2006,Felipe Lopez,- - -,156,714,11,98,52,44,11.30%,17.60%,0.107,0.327,0.274,0.358,0.381,0.33,96,7.8,3.8,-7.7,1.9,1311
2010,Marco Scutaro,Red Sox,150,695,11,92,56,5,7.60%,10.20%,0.112,0.295,0.275,0.333,0.388,0.321,93,0.5,-5.3,0.2,1.9,1555
2008,Stephen Drew,Diamondbacks,152,663,21,91,67,3,6.20%,16.40%,0.211,0.322,0.291,0.333,0.502,0.355,109,-0.2,6.9,-9.2,1.9,4251
2014,Andrelton Simmons,Braves,146,576,7,44,46,4,5.60%,10.40%,0.087,0.263,0.244,0.286,0.331,0.273,71,-3.1,-21.8,22.1,1.9,10847
2007,Miguel Tejada,Orioles,133,569,18,72,81,2,7.20%,9.70%,0.146,0.302,0.296,0.357,0.442,0.346,108,-7,-1,0.6,1.9,941
2005,Jack Wilson,Pirates,158,639,8,60,52,7,4.90%,9.10%,0.106,0.272,0.257,0.299,0.363,0.288,71,-0.2,-23.3,21.3,1.9,1017
1999,Jose Hernandez,- - -,147,568,19,79,62,11,9.20%,25.50%,0.159,0.336,0.266,0.339,0.425,0.334,92,0.9,-5.1,6.4,1.9,688
1994,Jeff Blauser,Braves,96,434,6,56,45,1,8.80%,14.70%,0.124,0.291,0.258,0.329,0.382,0.316,86,-1.1,-8.8,13.2,1.9,1001062
1986,Jose Uribe,Giants,157,517,3,46,43,22,11.80%,14.70%,0.057,0.262,0.223,0.315,0.28,0.264,65,-0.1,-21,22.9,1.9,1013300
1996,Royce Clayton,Cardinals,129,531,6,64,35,33,6.20%,16.80%,0.094,0.325,0.277,0.321,0.371,0.305,82,-0.3,-12.4,15.2,1.9,226
2011,Alcides Escobar,Royals,158,598,4,69,46,26,4.20%,12.20%,0.089,0.285,0.254,0.29,0.343,0.28,70,2.5,-18.5,16.8,1.9,6310
2001,Jose Hernandez,Brewers,152,592,25,67,78,5,6.60%,31.30%,0.194,0.327,0.249,0.3,0.443,0.313,85,-0.8,-12.1,11.6,1.9,688
2009,Miguel Tejada,Astros,158,674,14,83,86,5,2.80%,7.10%,0.142,0.318,0.313,0.34,0.455,0.345,110,-5.8,2.3,-5.5,1.9,941
2013,Zack Cozart,Reds,151,618,12,74,63,0,4.20%,16.50%,0.127,0.285,0.254,0.284,0.381,0.289,78,1.1,-14.4,13.1,1.8,2616
2001,Ricky Gutierrez,Cubs,147,606,10,76,66,4,6.60%,9.20%,0.112,0.302,0.29,0.345,0.402,0.327,96,-0.5,-3.4,2.3,1.8,387
2010,Starlin Castro,Cubs,125,506,3,53,41,10,5.70%,14.00%,0.108,0.346,0.3,0.347,0.408,0.329,99,-0.9,-1.7,3.6,1.8,4579
1989,Kurt Stillwell,Royals,130,516,7,52,54,9,8.10%,12.40%,0.119,0.289,0.261,0.325,0.38,0.319,99,-0.7,-1.1,0.7,1.8,1012536
2005,Edgar Renteria,Red Sox,153,692,8,100,70,9,7.90%,14.50%,0.109,0.315,0.276,0.335,0.385,0.319,90,5.3,-3.4,-1.9,1.8,1178
1988,Greg Gagne,Twins,149,508,14,70,48,15,5.30%,21.70%,0.161,0.281,0.236,0.288,0.397,0.306,86,0,-7.9,8.3,1.8,1004427
2015,Wilmer Flores,Mets,137,510,16,55,59,0,3.70%,12.40%,0.145,0.273,0.263,0.295,0.408,0.304,95,0,-3.2,4.3,1.8,5827
1995,Kurt Abbott,Marlins,120,468,17,60,60,4,7.70%,23.50%,0.198,0.302,0.255,0.318,0.452,0.332,99,-0.6,-1.4,4,1.8,1000013
2001,Melvin Mora,Orioles,128,503,7,49,48,11,8.20%,18.10%,0.112,0.296,0.25,0.329,0.362,0.306,88,0.4,-7.2,7.9,1.8,157
1989,Shawon Dunston,Cubs,138,512,9,52,60,19,5.90%,16.80%,0.125,0.321,0.278,0.32,0.403,0.314,95,-0.6,-3.5,4.2,1.8,1401
2004,Cristian Guzman,Twins,145,624,8,84,46,10,4.80%,10.30%,0.109,0.295,0.274,0.309,0.384,0.3,77,2.3,-16.1,13.1,1.8,728
1993,Jose Vizcaino,Cubs,151,617,4,74,54,12,7.50%,11.50%,0.071,0.318,0.287,0.34,0.358,0.315,89,-1.2,-9.9,5.8,1.8,577
1995,Jose Offerman,Dodgers,119,511,4,69,33,2,13.50%,13.10%,0.089,0.332,0.287,0.389,0.375,0.352,118,-2.8,9.1,-7.9,1.8,205
2015,Jhonny Peralta,Cardinals,155,640,17,64,71,1,7.80%,17.30%,0.136,0.311,0.275,0.334,0.411,0.323,105,-6.6,-2.6,-0.8,1.8,1738
2005,Jose Reyes,Mets,161,733,7,99,58,60,3.70%,10.60%,0.114,0.298,0.273,0.3,0.386,0.299,80,7.4,-11.2,4.7,1.7,1736
2001,Edgar Renteria,Cardinals,141,549,10,54,57,17,7.10%,13.30%,0.112,0.284,0.26,0.314,0.371,0.298,78,1.6,-14.2,13.8,1.7,1178
2002,Orlando Cabrera,Expos,153,626,7,64,56,25,7.70%,8.50%,0.117,0.278,0.263,0.321,0.38,0.308,81,5.1,-9.6,6.4,1.7,766
2016,Danny Espinosa,Nationals,157,601,24,66,72,9,9.00%,29.00%,0.169,0.261,0.209,0.306,0.378,0.294,79,5.1,-10.7,8.3,1.7,9219
1995,Greg Gagne,Royals,120,482,6,58,49,3,7.90%,12.40%,0.119,0.282,0.256,0.316,0.374,0.307,77,-1.7,-16.2,17,1.7,1004427
1989,Ozzie Guillen,White Sox,155,626,1,63,54,36,2.40%,7.70%,0.065,0.272,0.253,0.27,0.318,0.263,62,0.4,-26.7,23.3,1.7,1005125
2010,Yunel Escobar,- - -,135,567,4,60,35,6,9.90%,10.10%,0.062,0.282,0.256,0.337,0.318,0.301,83,-0.8,-12.1,10.2,1.7,4191
2007,Jhonny Peralta,Indians,152,647,21,87,72,4,9.40%,22.60%,0.16,0.324,0.27,0.341,0.43,0.337,105,-3.3,0.6,-5.6,1.7,1738
2015,Ian Desmond,Nationals,156,641,19,69,62,13,7.00%,29.20%,0.151,0.307,0.233,0.29,0.384,0.294,83,5.5,-7.3,3.3,1.7,6885
1993,Omar Vizquel,Mariners,158,630,2,68,31,12,7.90%,11.30%,0.043,0.288,0.255,0.319,0.298,0.286,69,-3.3,-27.1,24,1.7,411
1988,Rey Quinones,Mariners,140,530,12,63,52,0,4.30%,13.40%,0.144,0.267,0.248,0.284,0.393,0.302,84,-1.5,-11.1,9.8,1.7,1010615
1999,Deivi Cruz,Tigers,155,553,13,64,58,1,2.20%,10.30%,0.143,0.296,0.284,0.302,0.427,0.316,80,-1.6,-16.2,14,1.7,1025
1998,Mike Caruso,White Sox,133,555,5,81,55,22,2.50%,6.80%,0.084,0.321,0.306,0.331,0.39,0.319,89,1.8,-5.9,3.9,1.7,595
2015,Elvis Andrus,Rangers,160,661,7,69,62,25,7.00%,11.80%,0.099,0.283,0.258,0.309,0.357,0.292,78,3.8,-13,7.1,1.7,8709
2000,Rey Sanchez,Royals,143,555,1,68,38,7,5.00%,9.90%,0.049,0.303,0.273,0.314,0.322,0.288,57,0.1,-32,28.2,1.7,213
2015,Marcus Semien,Athletics,155,601,15,65,45,11,7.00%,22.00%,0.147,0.312,0.257,0.31,0.405,0.311,97,1,-0.8,-3.3,1.6,12533
1997,Mark Grudzielanek,Expos,156,688,4,76,51,25,3.30%,11.00%,0.111,0.302,0.273,0.307,0.384,0.305,79,1.2,-16.8,11.4,1.6,653
1998,Chris Gomez,Padres,145,516,4,55,39,1,9.90%,16.90%,0.111,0.321,0.267,0.346,0.379,0.321,97,-1.1,-2.9,3.4,1.6,1208
2017,Jorge Polanco,Twins,133,544,13,60,74,13,7.50%,14.30%,0.154,0.278,0.256,0.313,0.41,0.309,89,3.7,-4,1.2,1.6,13152
2014,Asdrubal Cabrera,- - -,146,616,14,74,61,10,8.00%,17.50%,0.146,0.272,0.241,0.307,0.387,0.308,94,3.2,-0.7,-4.1,1.6,4962
2013,Jimmy Rollins,Phillies,160,666,6,65,39,22,8.90%,14.00%,0.097,0.288,0.252,0.318,0.348,0.295,84,2.8,-9.1,4.1,1.6,971
1985,Ozzie Guillen,White Sox,150,513,1,71,33,7,2.30%,7.00%,0.086,0.292,0.273,0.291,0.358,0.288,72,-0.3,-17.5,16.4,1.6,1005125
2003,Alex Gonzalez,Cubs,152,601,20,71,59,3,7.80%,20.50%,0.181,0.257,0.228,0.295,0.409,0.306,81,-2.9,-17.3,13.6,1.6,281
2006,Yuniesky Betancourt,Mariners,157,584,8,68,47,11,2.90%,9.20%,0.115,0.308,0.289,0.31,0.403,0.309,86,-0.8,-11.2,7.3,1.6,8585
1985,Julio Franco,Indians,160,703,6,97,90,13,7.70%,10.50%,0.093,0.313,0.288,0.343,0.381,0.324,97,-1.2,-3.4,-4.9,1.6,87
2017,Freddy Galvis,Phillies,162,663,12,71,61,14,6.80%,16.70%,0.127,0.292,0.255,0.309,0.382,0.298,80,0.9,-16.3,10.7,1.6,6609
2012,Mike Aviles,Red Sox,136,546,13,57,60,14,4.20%,14.10%,0.131,0.269,0.25,0.282,0.381,0.288,75,3,-13.1,9.7,1.5,5986
2006,David Eckstein,Cardinals,123,552,2,68,23,7,5.60%,7.40%,0.052,0.313,0.292,0.35,0.344,0.313,87,0.4,-9.2,6.6,1.5,10
1995,Walt Weiss,Rockies,137,537,1,65,25,15,18.20%,10.60%,0.061,0.297,0.26,0.403,0.321,0.34,81,1.5,-11.7,9,1.5,1013748
2007,Yuniesky Betancourt,Mariners,155,559,9,72,67,5,2.70%,8.60%,0.129,0.302,0.289,0.308,0.418,0.313,89,1.3,-6.3,2.3,1.5,8585
2002,Jimmy Rollins,Phillies,154,705,11,82,60,31,7.70%,14.60%,0.135,0.275,0.245,0.306,0.38,0.301,81,4.9,-11.5,3.6,1.5,971
2013,Erick Aybar,Angels,138,589,6,68,54,12,3.90%,10.00%,0.111,0.292,0.271,0.301,0.382,0.299,91,1,-5.1,-0.4,1.5,4082
1996,Kevin Elster,Rangers,157,596,24,79,99,4,8.70%,23.20%,0.21,0.291,0.252,0.317,0.462,0.334,89,0.2,-8.7,2.4,1.5,1003758
2002,Carlos Guillen,Mariners,134,528,9,73,56,4,8.70%,17.20%,0.133,0.304,0.261,0.326,0.394,0.315,96,0.8,-2.1,-1,1.5,1079
2015,Alcides Escobar,Royals,148,662,3,76,47,17,3.90%,11.30%,0.064,0.286,0.257,0.293,0.32,0.271,66,4.4,-21.5,13.9,1.5,6310
1991,Ozzie Guillen,White Sox,154,555,3,52,49,21,2.00%,6.80%,0.067,0.286,0.273,0.284,0.34,0.278,72,-1.7,-20.1,16.9,1.5,1005125
1991,Shawon Dunston,Cubs,142,534,12,59,50,21,4.30%,12.00%,0.146,0.272,0.26,0.292,0.407,0.305,86,1.8,-6.7,3.4,1.5,1401
1992,Tony Fernandez,Padres,155,694,4,84,37,20,8.10%,8.90%,0.084,0.299,0.275,0.337,0.359,0.318,98,-3.8,-5.1,-3.7,1.5,1004002
1997,Jose Valentin,Brewers,136,546,17,58,58,19,7.10%,20.00%,0.154,0.29,0.253,0.31,0.407,0.313,82,0.4,-12.3,8,1.5,256
1997,Kevin Stocker,Phillies,149,560,4,51,40,11,9.10%,16.30%,0.089,0.317,0.266,0.335,0.355,0.308,79,-0.3,-15.1,11.8,1.4,1012549
1998,Royce Clayton,- - -,142,608,9,89,53,24,8.70%,13.70%,0.115,0.28,0.251,0.319,0.366,0.306,79,0,-15.9,10.6,1.4,226
1990,Dickie Thon,Phillies,149,595,8,54,48,12,6.20%,12.90%,0.094,0.284,0.255,0.305,0.35,0.291,77,0.2,-15.8,8.8,1.4,1013033
1995,Omar Vizquel,Indians,136,622,6,87,56,29,9.50%,9.50%,0.085,0.283,0.266,0.333,0.351,0.31,80,0.8,-15.3,8.3,1.4,411
2017,Jordy Mercer,Pirates,145,558,14,52,58,0,9.10%,15.80%,0.151,0.284,0.255,0.326,0.406,0.308,88,-0.9,-9.3,4.9,1.4,6547
1993,Jose Offerman,Dodgers,158,696,1,77,62,30,10.20%,10.80%,0.061,0.303,0.269,0.346,0.331,0.308,89,0.8,-8.7,-2.3,1.4,205
2007,Rafael Furcal,Dodgers,138,643,6,87,47,25,8.60%,10.60%,0.084,0.296,0.27,0.333,0.355,0.308,82,1.3,-13.3,6,1.4,88
2015,Freddy Galvis,Phillies,151,603,7,63,50,10,5.00%,17.10%,0.081,0.309,0.263,0.302,0.343,0.283,76,4.6,-12,5.9,1.3,6609
1991,Alvaro Espinoza,Yankees,148,509,5,51,33,4,3.10%,11.20%,0.088,0.281,0.256,0.282,0.344,0.282,72,0.4,-16.5,13.4,1.3,1003828
1986,Ozzie Guillen,White Sox,159,577,2,58,47,8,2.10%,9.00%,0.06,0.271,0.25,0.265,0.311,0.256,51,0,-34.5,29.1,1.3,1005125
2004,Craig Counsell,Brewers,140,551,2,59,23,17,10.70%,16.00%,0.074,0.29,0.241,0.33,0.315,0.288,68,2.7,-19.8,14.7,1.3,52
2000,Ricky Gutierrez,Cubs,125,542,11,73,56,8,12.20%,10.70%,0.125,0.294,0.276,0.375,0.401,0.35,104,0.8,3.5,-6.8,1.3,387
2007,Tony Pena,Royals,152,536,2,58,47,5,1.90%,14.60%,0.088,0.309,0.267,0.284,0.356,0.28,63,-2.1,-27.1,21.9,1.3,2240
2017,Trevor Story,Rockies,145,555,24,68,82,7,8.80%,34.40%,0.219,0.332,0.239,0.308,0.457,0.323,81,1,-12.5,7.6,1.3,12564
1989,Felix Fermin,Indians,156,562,0,50,21,6,7.30%,4.80%,0.023,0.251,0.238,0.302,0.26,0.266,63,-0.6,-24.5,19.2,1.3,1003991
2008,Bobby Crosby,Athletics,145,605,7,66,61,7,7.80%,15.90%,0.112,0.275,0.237,0.296,0.349,0.288,74,2.2,-17.1,9.4,1.3,1818
2011,Cliff Pennington,Athletics,148,570,8,57,58,14,7.40%,18.20%,0.105,0.314,0.264,0.319,0.369,0.305,92,-2.3,-7.7,1.2,1.3,3395
1987,Dick Schofield,Angels,134,531,9,52,46,19,7.00%,11.90%,0.104,0.271,0.251,0.305,0.355,0.294,78,2.3,-12.4,7.1,1.3,1011602
2010,Jhonny Peralta,- - -,148,615,15,60,81,1,8.60%,16.70%,0.143,0.275,0.249,0.311,0.392,0.309,91,-4.3,-11.1,2.2,1.3,1738
2017,Asdrubal Cabrera,Mets,135,540,14,66,59,3,9.30%,15.40%,0.154,0.31,0.28,0.351,0.434,0.338,111,-8.9,-1.4,-3.4,1.3,4962
2003,Cristian Guzman,Twins,143,585,3,78,53,18,5.10%,13.50%,0.097,0.307,0.268,0.311,0.365,0.298,77,5.7,-11.1,3.6,1.3,728
2014,Elvis Andrus,Rangers,157,685,2,72,41,27,6.70%,14.00%,0.069,0.305,0.263,0.314,0.333,0.291,80,2.4,-12.7,2.1,1.3,8709
1985,Mariano Duncan,Dodgers,142,620,6,74,39,38,6.10%,18.20%,0.096,0.293,0.244,0.293,0.34,0.283,80,4.2,-9.8,1.1,1.2,1003554
2010,Jason Bartlett,Rays,135,532,4,71,47,11,8.50%,15.60%,0.096,0.299,0.254,0.324,0.35,0.304,91,4,-1.9,-4.6,1.2,8219
1994,Greg Gagne,Royals,107,409,7,39,51,10,6.60%,19.30%,0.133,0.31,0.259,0.314,0.392,0.313,81,-5.5,-15.6,13.7,1.2,1004427
2014,Zack Cozart,Reds,147,543,4,48,38,7,4.60%,14.50%,0.079,0.255,0.221,0.268,0.3,0.254,56,3,-23.8,18.7,1.2,2616
1999,Edgar Renteria,Cardinals,154,653,11,92,63,37,8.10%,12.60%,0.125,0.301,0.275,0.334,0.4,0.325,87,3.8,-8,-0.2,1.2,1178
2001,Neifi Perez,- - -,136,623,8,83,59,9,4.20%,10.90%,0.117,0.303,0.279,0.309,0.396,0.305,66,-0.8,-27.9,19,1.2,620
2011,Jason Bartlett,Padres,139,618,2,61,40,23,7.80%,15.90%,0.061,0.291,0.245,0.308,0.307,0.279,79,0.6,-14.1,6.2,1.2,8219
2004,Royce Clayton,Rockies,146,652,8,95,54,10,7.40%,19.20%,0.118,0.343,0.279,0.338,0.397,0.324,80,2.2,-14.4,4.7,1.2,226
2017,Orlando Arcia,Brewers,153,548,15,56,53,14,6.60%,18.20%,0.13,0.317,0.277,0.324,0.407,0.309,85,0.5,-9.9,4,1.2,13185
1989,Alvaro Espinoza,Yankees,146,544,0,51,41,3,2.60%,11.00%,0.05,0.318,0.282,0.301,0.332,0.287,78,-0.8,-14.3,7.6,1.2,1003828
2012,Yunel Escobar,Blue Jays,145,608,9,58,51,5,5.80%,11.50%,0.091,0.273,0.253,0.3,0.344,0.284,73,-0.9,-19.8,10.8,1.2,4191
2003,David Eckstein,Angels,120,517,3,59,31,16,7.00%,8.70%,0.073,0.272,0.252,0.325,0.325,0.296,78,0.3,-13.9,7.8,1.2,10
2016,Jordy Mercer,Pirates,149,584,11,66,59,1,8.70%,14.20%,0.118,0.286,0.256,0.328,0.374,0.304,88,3.6,-5.3,-2,1.1,6547
1992,Mariano Duncan,Phillies,142,605,8,71,50,23,2.80%,17.90%,0.122,0.314,0.267,0.292,0.389,0.306,92,3.3,-2,-6.6,1.1,1003554
1989,Scott Fletcher,- - -,142,629,1,77,43,2,10.20%,9.50%,0.059,0.28,0.253,0.332,0.311,0.3,86,-0.3,-10.7,0.2,1.1,1004155
1988,Rafael Ramirez,Astros,155,597,6,51,59,3,3.00%,10.20%,0.102,0.297,0.276,0.298,0.378,0.298,94,-0.6,-4.3,-4.7,1.1,1010673
2008,Edgar Renteria,Tigers,138,547,10,69,55,6,6.80%,11.70%,0.111,0.29,0.27,0.317,0.382,0.309,84,-1.6,-12.6,5.1,1.1,1178
2003,Jack Wilson,Pirates,150,615,9,58,62,5,5.90%,12.00%,0.097,0.279,0.256,0.303,0.353,0.288,70,2,-22.1,13.2,1.1,1017
2002,Cristian Guzman,Twins,148,656,9,80,59,12,2.60%,12.00%,0.112,0.298,0.273,0.292,0.385,0.293,74,0.6,-20.7,9.4,1.1,728
2013,Alcides Escobar,Royals,158,642,4,57,52,22,3.00%,13.10%,0.066,0.264,0.234,0.259,0.3,0.247,49,8,-28.9,18,1.1,6310
1997,Mike Bordick,Orioles,153,560,7,55,46,0,5.90%,11.80%,0.083,0.257,0.236,0.283,0.318,0.27,58,-0.8,-31,22.2,1.1,129
2010,Erick Aybar,Angels,138,589,5,69,29,22,5.90%,13.80%,0.077,0.289,0.253,0.306,0.33,0.286,78,2.6,-12.7,3.2,1.1,4082
1987,Alfredo Griffin,Athletics,144,539,3,69,60,26,5.20%,7.60%,0.085,0.28,0.263,0.306,0.348,0.29,78,-0.6,-15.6,8.3,1.1,1005036
1992,Gary DiSarcina,Angels,157,553,3,48,42,9,3.60%,9.00%,0.054,0.267,0.247,0.283,0.301,0.269,63,-1,-24.2,17.5,1.1,1003322
2011,Ian Desmond,Nationals,154,639,8,65,49,25,5.50%,21.80%,0.104,0.317,0.253,0.298,0.358,0.289,79,3,-12.3,2.4,1,6885
2001,Tony Womack,Diamondbacks,125,518,3,66,30,28,4.40%,10.40%,0.079,0.294,0.266,0.307,0.345,0.287,66,2.5,-20.8,14.2,1,78
2002,Alex Gonzalez,Cubs,142,568,18,58,61,5,8.10%,23.90%,0.177,0.302,0.248,0.312,0.425,0.317,92,-4.3,-9.8,1.6,1,281
2001,Julio Lugo,Astros,140,586,10,93,37,12,7.80%,19.80%,0.109,0.317,0.263,0.326,0.372,0.308,79,-2.4,-18.3,9.5,1,565
2004,Alex Gonzalez,Marlins,159,599,23,67,79,3,4.50%,21.00%,0.187,0.257,0.232,0.27,0.419,0.288,73,-2.7,-23.8,14.1,1,520
1997,Edgar Renteria,Marlins,154,691,4,90,52,32,6.50%,15.60%,0.063,0.327,0.277,0.327,0.34,0.302,81,0,-16.9,5.2,1,1178
1995,Jeff Blauser,Braves,115,504,12,60,31,8,11.30%,21.20%,0.13,0.252,0.211,0.319,0.341,0.302,77,-0.7,-15.1,8.2,1,1001062
1994,Gary DiSarcina,Angels,112,421,3,53,33,3,4.30%,6.70%,0.069,0.272,0.26,0.294,0.329,0.279,60,-2.5,-24.7,20.1,1,1003322
1995,Jay Bell,Pirates,138,593,13,79,55,2,9.30%,18.50%,0.142,0.309,0.262,0.336,0.404,0.33,95,-1.9,-5.8,-3.9,1,48
1989,Garry Templeton,Padres,142,536,6,43,40,1,4.30%,14.90%,0.099,0.291,0.255,0.286,0.354,0.279,77,-1.1,-14.7,7.4,1,1012909
1988,Jose Uribe,Giants,141,535,3,47,35,14,6.70%,12.90%,0.067,0.286,0.252,0.301,0.318,0.275,78,-1.4,-13.9,6.6,1,1013300
1990,Shawon Dunston,Cubs,146,573,17,73,66,25,2.60%,15.20%,0.163,0.282,0.262,0.283,0.426,0.312,86,2.8,-6.2,-5.3,0.9,1401
1998,Edgar Renteria,Marlins,133,580,3,79,31,41,8.30%,13.40%,0.06,0.326,0.282,0.347,0.342,0.314,90,-1.3,-8.5,0,0.9,1178
2007,Ryan Theriot,Cubs,148,597,3,80,45,28,8.20%,8.40%,0.08,0.287,0.266,0.326,0.346,0.302,73,2.3,-18.8,8.5,0.9,3811
1985,Dave Concepcion,Reds,155,620,7,59,48,16,8.10%,10.80%,0.079,0.273,0.252,0.314,0.33,0.292,79,-1.8,-16.8,5,0.9,1002494
1993,Mike Bordick,Athletics,159,633,3,60,48,10,9.50%,9.20%,0.062,0.271,0.249,0.332,0.311,0.299,84,-2,-14.1,2.5,0.9,129
1994,Ozzie Guillen,White Sox,100,390,1,46,39,5,3.60%,9.00%,0.06,0.312,0.288,0.311,0.348,0.29,72,-0.8,-15.2,10.3,0.8,1005125
2007,Mark Loretta,Astros,133,511,4,52,41,1,8.60%,8.00%,0.085,0.308,0.287,0.352,0.372,0.326,93,-5.4,-9.7,1.5,0.8,1383
2009,Cristian Guzman,Nationals,135,555,6,74,52,4,2.90%,13.50%,0.105,0.322,0.284,0.306,0.39,0.305,82,2.3,-10.3,0.8,0.8,728
1989,Spike Owen,Expos,142,522,6,52,41,3,14.60%,8.40%,0.098,0.246,0.233,0.349,0.332,0.3,91,-0.4,-5.6,-3.5,0.8,1009924
1994,Mike Bordick,Athletics,114,440,2,38,37,7,8.60%,10.00%,0.082,0.277,0.253,0.32,0.335,0.296,76,0.5,-13.6,7,0.8,129
2010,Ian Desmond,Nationals,154,574,10,59,65,17,4.90%,19.00%,0.124,0.317,0.269,0.308,0.392,0.306,86,2,-7.6,-2.4,0.8,6885
2015,Erick Aybar,Angels,156,638,3,74,44,15,3.90%,11.40%,0.069,0.3,0.27,0.301,0.338,0.28,78,3.4,-13,-0.4,0.8,4082
2010,Miguel Tejada,- - -,156,681,15,71,71,2,4.40%,9.80%,0.112,0.28,0.269,0.312,0.381,0.306,88,-3.6,-13.1,-1.7,0.8,941
1989,Alfredo Griffin,Dodgers,136,547,0,49,29,10,5.30%,10.40%,0.061,0.278,0.247,0.287,0.308,0.272,74,-0.9,-16.5,7,0.8,1005036
2015,Starlin Castro,Cubs,151,578,11,52,69,5,3.60%,15.70%,0.11,0.298,0.265,0.296,0.375,0.288,79,-2.1,-16.2,5.4,0.8,4579
1987,Dale Sveum,Brewers,153,586,25,86,95,2,6.80%,22.70%,0.202,0.288,0.252,0.303,0.454,0.324,94,-2.4,-7.1,-5.1,0.8,1012748
1987,Garry Templeton,Padres,148,561,5,42,48,14,7.50%,16.40%,0.075,0.26,0.222,0.281,0.296,0.252,51,1.3,-33.7,21.7,0.7,1012909
2009,Orlando Cabrera,- - -,160,708,9,83,77,13,5.10%,10.00%,0.105,0.302,0.284,0.316,0.389,0.309,85,2.1,-10.9,-5.9,0.7,766
2002,Tony Womack,Diamondbacks,153,652,5,90,57,29,7.10%,12.30%,0.081,0.303,0.271,0.325,0.353,0.301,75,6.9,-13.4,-0.6,0.7,78
2010,Orlando Cabrera,Reds,123,537,4,64,42,11,5.20%,9.90%,0.091,0.284,0.263,0.303,0.354,0.292,75,-0.7,-17.1,7.2,0.7,766
2003,Deivi Cruz,Orioles,152,572,14,61,65,1,2.30%,8.60%,0.128,0.253,0.25,0.269,0.378,0.279,68,-1,-23.7,11.2,0.7,1025
1985,Alfredo Griffin,Athletics,162,646,2,75,64,24,3.10%,7.70%,0.062,0.288,0.27,0.29,0.332,0.277,74,1,-18.9,4.5,0.7,1005036
1990,Eric Yelding,Astros,142,559,1,69,28,64,7.00%,15.60%,0.043,0.301,0.254,0.305,0.297,0.277,72,2.7,-15.6,3,0.7,1014335
2005,Russ Adams,Blue Jays,139,545,8,68,63,11,9.20%,10.50%,0.127,0.271,0.256,0.325,0.383,0.311,86,6,-3.5,-8,0.7,4519
1990,Spike Owen,Expos,149,533,5,55,35,8,13.10%,11.30%,0.108,0.257,0.234,0.333,0.342,0.303,86,-1,-9.6,-2.6,0.7,1009924
1986,Shawon Dunston,Cubs,150,611,17,66,68,13,3.40%,18.70%,0.162,0.283,0.25,0.278,0.411,0.3,78,-1.9,-17.2,4.1,0.7,1401
1991,Dickie Thon,Phillies,146,570,9,44,44,11,4.40%,14.70%,0.098,0.282,0.252,0.283,0.351,0.281,74,0.2,-16.7,4.9,0.7,1013033
2005,Neifi Perez,Cubs,154,609,9,59,54,8,3.00%,7.70%,0.108,0.285,0.274,0.298,0.383,0.295,72,-2.2,-23.3,10.3,0.7,620
2009,Jhonny Peralta,Indians,151,645,11,57,83,0,7.90%,20.80%,0.12,0.309,0.254,0.316,0.375,0.307,83,-5.2,-19.2,4,0.7,1738
1995,Jose Vizcaino,Mets,135,561,3,66,56,8,6.20%,13.50%,0.079,0.33,0.287,0.332,0.365,0.311,87,0.1,-9.2,-3.1,0.6,577
1990,Garry Templeton,Padres,144,541,9,45,59,1,4.40%,10.90%,0.115,0.263,0.248,0.28,0.362,0.282,71,-1.5,-19.8,7.2,0.6,1012909
1996,Pat Meares,Twins,152,554,8,66,67,9,3.10%,16.20%,0.124,0.305,0.267,0.298,0.391,0.3,70,-0.1,-23.1,8.7,0.6,1008712
2007,Juan Uribe,White Sox,150,563,20,55,68,1,6.00%,19.90%,0.16,0.259,0.234,0.284,0.394,0.294,71,-1.1,-21.5,8.3,0.6,454
2015,Jose Reyes,- - -,116,519,7,57,53,24,5.00%,11.90%,0.104,0.301,0.274,0.31,0.378,0.3,81,1.5,-9.7,-1.5,0.6,1736
2012,Rafael Furcal,Cardinals,121,531,5,69,49,12,8.30%,10.70%,0.082,0.289,0.264,0.325,0.346,0.298,86,2,-6.8,-4.2,0.6,88
1992,Jose Offerman,Dodgers,149,598,1,67,30,23,9.50%,16.40%,0.073,0.316,0.26,0.331,0.333,0.305,94,-1.7,-5.4,-9,0.6,205
1995,Benji Gil,Rangers,130,454,9,36,46,2,5.70%,32.40%,0.128,0.314,0.219,0.266,0.347,0.272,53,-1.4,-29,18.8,0.6,14
2011,Alex Gonzalez,Braves,149,593,15,59,56,2,3.70%,21.20%,0.131,0.285,0.241,0.27,0.372,0.281,75,-2.5,-19.9,6.6,0.6,520
1987,Rey Quinones,Mariners,135,517,12,55,56,1,5.00%,13.70%,0.121,0.302,0.276,0.317,0.397,0.314,86,-1.3,-10.2,-1.8,0.5,1010615
1996,Gary DiSarcina,Angels,150,576,5,62,48,2,3.60%,6.30%,0.091,0.266,0.256,0.286,0.347,0.281,59,-0.2,-32.7,16,0.5,1003322
1985,Jose Uribe,Giants,147,513,3,46,26,8,5.80%,11.10%,0.078,0.264,0.237,0.285,0.315,0.266,67,0.7,-18.3,6.6,0.5,1013300
2016,Adeiny Hechavarria,Marlins,155,547,3,52,38,1,6.00%,13.30%,0.075,0.269,0.236,0.283,0.311,0.256,57,2,-26.9,14.6,0.5,10459
1994,Andujar Cedeno,Astros,98,380,9,38,49,1,7.60%,20.80%,0.155,0.318,0.263,0.334,0.418,0.318,94,-0.2,-3.4,-3.9,0.5,1002099
1996,Walt Weiss,Rockies,155,624,8,89,48,10,12.80%,12.50%,0.093,0.316,0.282,0.381,0.375,0.342,83,0.9,-12.4,-1.1,0.5,1013748
2016,Alcides Escobar,Royals,162,682,7,57,55,17,4.00%,14.10%,0.089,0.295,0.261,0.292,0.35,0.278,69,-0.8,-26.3,8.1,0.5,6310
2010,Yuniesky Betancourt,Royals,151,588,16,60,78,2,3.90%,10.90%,0.146,0.267,0.259,0.288,0.405,0.302,84,0.2,-10.7,-4.6,0.5,8585
1995,Shawon Dunston,Cubs,127,503,14,58,69,10,2.00%,14.90%,0.176,0.325,0.296,0.317,0.472,0.339,102,-0.3,0.9,-12.6,0.5,1401
2010,Alcides Escobar,Brewers,145,552,4,57,41,10,6.50%,12.70%,0.091,0.264,0.235,0.288,0.326,0.27,62,4.1,-21.2,8.6,0.5,6310
1994,Kurt Abbott,Marlins,101,371,9,41,33,3,4.30%,26.40%,0.145,0.321,0.249,0.291,0.394,0.299,76,0.6,-10.8,3.1,0.5,1000013
1990,Kurt Stillwell,Royals,144,560,3,60,51,0,7.00%,10.70%,0.103,0.273,0.249,0.304,0.352,0.296,83,-1,-11.7,-2,0.5,1012536
2017,Alcides Escobar,Royals,162,629,6,71,54,4,2.40%,16.20%,0.107,0.291,0.25,0.272,0.357,0.269,62,3.5,-26.3,9.2,0.5,6310
1986,Ernest Riles,Brewers,145,588,9,69,47,7,9.20%,13.60%,0.105,0.281,0.252,0.321,0.357,0.308,86,-1.5,-11.2,-4.4,0.4,1010964
2002,Jack Wilson,Pirates,147,586,4,77,47,5,6.30%,12.60%,0.08,0.287,0.252,0.306,0.332,0.285,69,6.2,-16.7,2,0.4,1017
2001,Alex Gonzalez,Marlins,145,561,9,57,48,2,5.30%,19.10%,0.126,0.299,0.25,0.303,0.377,0.293,77,-0.5,-17.4,3.3,0.4,520
2006,Jack Wilson,Pirates,142,594,8,70,35,4,5.60%,10.90%,0.098,0.295,0.273,0.316,0.37,0.302,79,-1.3,-18,2.2,0.4,1017
2007,Julio Lugo,Red Sox,147,630,8,71,73,33,7.60%,13.00%,0.112,0.262,0.237,0.294,0.349,0.286,66,3.5,-23.6,5.7,0.4,565
2005,Angel Berroa,Royals,159,652,11,68,55,7,2.80%,16.60%,0.105,0.312,0.27,0.305,0.375,0.298,76,3.1,-15.7,-2.6,0.4,591
2004,Kaz Matsui,Mets,114,509,7,65,44,14,7.90%,19.10%,0.124,0.33,0.272,0.331,0.396,0.317,90,1.2,-5.4,-8.1,0.4,1854
2015,Jean Segura,Brewers,142,584,6,57,50,25,2.20%,15.90%,0.079,0.298,0.257,0.281,0.336,0.268,64,3.1,-21.6,6.7,0.4,5933
2000,Neifi Perez,Rockies,162,699,10,92,71,3,4.30%,9.00%,0.14,0.301,0.287,0.314,0.427,0.316,59,-2.1,-41.2,20.2,0.3,620
2014,Adeiny Hechavarria,Marlins,146,574,1,53,34,7,4.50%,15.00%,0.08,0.323,0.276,0.308,0.356,0.29,84,-1.3,-11.8,-2.2,0.3,10459
2013,Asdrubal Cabrera,Indians,136,562,14,66,64,9,6.20%,20.30%,0.159,0.283,0.242,0.299,0.402,0.307,92,-2.7,-7.8,-7.7,0.3,4962
1999,Mark Loretta,Brewers,153,664,5,93,67,4,7.80%,8.90%,0.101,0.312,0.29,0.354,0.39,0.333,92,0.4,-7.3,-10.5,0.3,1383
2014,Xander Bogaerts,Red Sox,144,594,12,60,46,2,6.60%,23.20%,0.123,0.296,0.24,0.297,0.362,0.294,81,0.8,-11.4,-4.8,0.3,12161
1988,Shawon Dunston,Cubs,155,599,9,69,56,30,2.70%,18.00%,0.108,0.291,0.249,0.271,0.357,0.275,69,2.2,-18.1,2,0.3,1401
1986,Steve Jeltz,Phillies,145,510,0,44,36,6,12.70%,19.00%,0.043,0.279,0.219,0.32,0.262,0.269,61,0,-23,9.3,0.3,1006387
1998,Alex Gonzalez,Blue Jays,158,618,13,70,51,21,4.50%,19.60%,0.121,0.281,0.239,0.281,0.361,0.283,64,1.6,-27.3,8.6,0.3,281
1997,Shawon Dunston,- - -,132,511,14,71,57,32,1.60%,14.70%,0.151,0.328,0.3,0.312,0.451,0.33,94,3,-1.2,-12.2,0.3,1401
1994,Manuel Lee,Rangers,95,363,2,41,38,3,5.80%,18.20%,0.084,0.34,0.278,0.319,0.361,0.304,74,0.2,-12.4,2.6,0.2,1007460
2015,Jimmy Rollins,Dodgers,144,563,13,71,41,12,7.80%,15.30%,0.133,0.246,0.224,0.285,0.358,0.283,80,-2,-15.1,-0.3,0.2,971
1996,Rey Ordonez,Mets,151,530,1,51,30,1,4.20%,10.00%,0.046,0.285,0.257,0.289,0.303,0.257,52,-1.3,-33.6,18.8,0.2,889
2017,Tim Anderson,White Sox,146,606,17,72,56,15,2.10%,26.70%,0.145,0.328,0.257,0.276,0.402,0.288,78,3.7,-13.1,-5.7,0.2,15172
1997,Greg Gagne,Dodgers,144,553,9,49,57,2,5.60%,21.70%,0.103,0.311,0.251,0.298,0.354,0.289,75,-1.7,-19.1,3.5,0.2,1004427
1999,Alex Gonzalez,Marlins,136,591,14,81,59,3,2.50%,19.10%,0.154,0.323,0.277,0.308,0.43,0.321,87,-1.7,-11.9,-4.9,0.2,520
1987,Spike Owen,Red Sox,132,504,2,50,48,11,10.50%,8.50%,0.085,0.28,0.259,0.337,0.343,0.306,82,-1.4,-13.2,-2.1,0.2,1009924
1985,Bob Meacham,Yankees,156,566,1,70,47,25,9.50%,18.00%,0.048,0.273,0.218,0.302,0.266,0.266,64,2,-22.4,5.3,0.1,1008701
1986,Greg Gagne,Twins,156,524,12,63,54,12,5.70%,20.60%,0.148,0.299,0.25,0.301,0.398,0.311,86,-1.7,-10.5,-6,0.1,1004427
2005,Royce Clayton,Diamondbacks,143,573,2,59,44,13,6.60%,18.30%,0.08,0.333,0.27,0.32,0.351,0.299,73,1.3,-18.4,1,0.1,226
2017,Dansby Swanson,Braves,144,551,6,59,51,3,10.70%,21.80%,0.092,0.292,0.232,0.312,0.324,0.276,66,1.6,-22.6,6,0.1,18314
2008,Yuniesky Betancourt,Mariners,153,590,7,66,51,4,2.90%,7.10%,0.113,0.289,0.279,0.3,0.392,0.302,84,-3.8,-15.4,-4,0.1,8585
2006,Jhonny Peralta,Indians,149,632,13,84,68,0,8.90%,24.10%,0.128,0.327,0.257,0.323,0.385,0.312,85,-4.9,-17.1,-4.2,0.1,1738
2001,Omar Vizquel,Indians,155,693,2,84,50,13,8.80%,10.40%,0.079,0.285,0.255,0.323,0.334,0.294,76,-1.3,-22.1,-1.2,0.1,411
2013,Starlin Castro,Cubs,161,705,10,59,44,9,4.30%,18.30%,0.102,0.29,0.245,0.284,0.347,0.28,74,-3.6,-24.4,4,0.1,4579
1995,Wil Cordero,Expos,131,564,10,64,49,9,6.40%,15.60%,0.134,0.326,0.286,0.341,0.42,0.335,99,-0.5,-1.1,-17.4,0,770
2001,Rey Ordonez,Mets,149,505,3,31,44,3,6.70%,8.50%,0.089,0.266,0.247,0.299,0.336,0.267,60,-0.3,-26.8,10.3,0,889
2004,Orlando Cabrera,- - -,161,673,10,74,62,16,5.80%,8.00%,0.12,0.271,0.264,0.306,0.383,0.3,74,-2.6,-24.8,1.7,0,766
2000,Tony Womack,Diamondbacks,146,659,7,95,57,45,4.60%,11.20%,0.113,0.296,0.271,0.307,0.384,0.304,70,4,-22.4,0.4,0,78
1996,Chris Gomez,- - -,137,528,4,53,45,3,10.80%,15.90%,0.077,0.305,0.257,0.347,0.333,0.313,89,-0.9,-8.9,-7.9,0,1208
2014,Jean Segura,Brewers,146,557,5,61,31,20,5.00%,12.60%,0.08,0.275,0.246,0.289,0.326,0.272,67,1.6,-19.2,2.4,0,5933
2014,Derek Jeter,Yankees,145,634,4,47,50,10,5.50%,13.70%,0.057,0.294,0.256,0.304,0.313,0.279,75,0.3,-16.9,-4,-0.1,826
2009,Edgar Renteria,Giants,124,510,5,50,48,7,7.60%,13.50%,0.078,0.281,0.25,0.307,0.328,0.282,68,-2.8,-22.9,5.7,-0.1,1178
1985,Rafael Santana,Mets,154,564,1,41,29,1,5.10%,9.60%,0.045,0.284,0.257,0.295,0.302,0.262,65,0,-22.6,3.3,-0.1,1011441
1998,Pat Meares,Twins,149,581,9,56,70,7,4.10%,14.80%,0.109,0.291,0.26,0.296,0.368,0.293,68,-0.3,-24.8,3.8,-0.1,1008712
1997,Gary DiSarcina,Angels,154,583,4,52,47,7,2.90%,5.00%,0.08,0.251,0.246,0.271,0.326,0.265,53,-2,-36.8,15.2,-0.1,1003322
2002,Barry Larkin,Reds,145,567,7,72,47,13,7.80%,10.10%,0.122,0.26,0.245,0.305,0.367,0.29,70,2.8,-18.3,-1.2,-0.1,335
2011,Yuniesky Betancourt,Brewers,152,584,13,51,68,4,2.70%,10.80%,0.129,0.259,0.252,0.271,0.381,0.281,72,-0.1,-19.2,-0.1,-0.1,8585
2000,Cristian Guzman,Twins,156,690,8,89,54,28,6.70%,14.60%,0.141,0.281,0.247,0.299,0.388,0.3,69,1.1,-28.4,2.6,-0.1,728
2014,Yunel Escobar,Rays,137,529,7,33,39,1,8.10%,11.30%,0.082,0.282,0.258,0.324,0.34,0.299,93,-3,-7.3,-11,-0.1,4191
1994,Felix Fermin,Mariners,101,411,1,52,35,4,2.70%,5.40%,0.063,0.33,0.317,0.338,0.38,0.319,86,-1,-8.5,-6.8,-0.2,1003991
1994,Dick Schofield,Blue Jays,95,373,4,38,32,7,9.10%,16.60%,0.086,0.303,0.255,0.332,0.342,0.307,78,-1.7,-12.4,-1.8,-0.2,1011602
2007,Felipe Lopez,Nationals,154,671,9,70,50,24,7.90%,16.20%,0.106,0.283,0.245,0.308,0.352,0.294,75,-3.6,-25.4,1.4,-0.2,1311
2000,Pat Meares,Pirates,132,514,13,55,47,1,7.00%,17.70%,0.141,0.271,0.24,0.305,0.381,0.298,69,0.3,-21.7,2.5,-0.2,1008712
2003,Cesar Izturis,Dodgers,158,593,1,47,40,10,4.20%,11.80%,0.065,0.284,0.251,0.282,0.315,0.259,56,1.3,-32.3,10.5,-0.2,656
2017,Jose Peraza,Reds,143,518,5,50,37,23,3.90%,13.50%,0.066,0.293,0.259,0.297,0.324,0.273,62,2.8,-22.2,3.1,-0.2,13593
1986,Rafael Ramirez,Braves,134,530,8,57,33,19,4.00%,11.30%,0.095,0.258,0.24,0.273,0.335,0.272,60,0.5,-24.4,4.6,-0.3,1010673
2015,Alexei Ramirez,White Sox,154,622,10,54,62,17,5.00%,10.90%,0.108,0.264,0.249,0.285,0.357,0.279,74,-5,-23.4,0.4,-0.3,5133
1994,Shawon Dunston,Cubs,88,356,11,38,35,3,4.50%,13.50%,0.157,0.296,0.278,0.313,0.435,0.322,91,-2.9,-7,-7.7,-0.3,1401
2000,Alex Gonzalez,Blue Jays,141,591,15,68,69,4,7.30%,19.10%,0.152,0.295,0.252,0.313,0.404,0.316,79,-1,-17.9,-5.7,-0.3,281
2004,Angel Berroa,Royals,134,554,8,72,43,14,4.20%,15.70%,0.123,0.301,0.262,0.308,0.385,0.304,75,0.5,-17.4,-4.7,-0.3,591
1996,Mike Bordick,Athletics,155,587,5,46,54,5,8.90%,10.10%,0.078,0.26,0.24,0.307,0.318,0.285,65,-1.8,-30.7,5.3,-0.3,129
2010,Cesar Izturis,Orioles,150,513,1,42,28,11,4.90%,10.30%,0.038,0.257,0.23,0.277,0.268,0.249,46,0,-32.8,11.8,-0.4,656
1993,Wil Cordero,Expos,138,521,10,56,58,12,6.50%,11.50%,0.139,0.266,0.248,0.308,0.387,0.305,84,1.2,-9.2,-13.1,-0.4,770
1986,Spike Owen,- - -,154,593,1,67,45,4,8.60%,8.60%,0.078,0.253,0.231,0.3,0.309,0.278,65,-0.8,-26,2.2,-0.4,1009924
1998,Ricky Gutierrez,Astros,141,561,2,55,46,13,9.60%,15.00%,0.073,0.306,0.261,0.337,0.334,0.302,84,-0.4,-11.7,-9.9,-0.4,387
2002,Deivi Cruz,Padres,151,547,7,49,47,2,4.00%,10.60%,0.103,0.282,0.263,0.294,0.366,0.288,78,-7.9,-23.3,0.9,-0.5,1025
1985,Rafael Ramirez,Braves,138,595,5,54,58,2,3.40%,10.60%,0.085,0.269,0.248,0.272,0.333,0.269,60,-2.1,-29.2,5.1,-0.5,1010673
1993,Mariano Duncan,Phillies,124,518,11,68,73,6,2.30%,17.00%,0.135,0.323,0.282,0.304,0.417,0.318,90,-0.8,-7,-16.5,-0.5,1003554
1989,Rafael Ramirez,Astros,151,575,6,46,54,3,5.00%,11.10%,0.078,0.268,0.246,0.283,0.324,0.275,77,0,-14.5,-9.4,-0.5,1010673
2007,Stephen Drew,Diamondbacks,150,619,12,60,60,9,9.70%,16.20%,0.133,0.267,0.238,0.313,0.37,0.3,70,3.7,-20.3,-5.8,-0.6,4251
1988,Rafael Santana,Yankees,148,521,4,50,38,1,6.30%,11.70%,0.054,0.266,0.24,0.289,0.294,0.268,66,-1,-21.5,-1.2,-0.6,1011441
1998,Desi Relaford,Phillies,142,546,5,45,41,9,6.00%,15.90%,0.093,0.284,0.245,0.293,0.338,0.278,62,-0.4,-26.7,3.3,-0.6,1096
1986,Garry Templeton,Padres,147,549,2,42,44,10,6.40%,15.70%,0.061,0.292,0.247,0.296,0.308,0.258,59,0,-26.2,1.3,-0.7,1012909
2006,Clint Barmes,Rockies,131,535,7,57,56,5,4.10%,13.50%,0.115,0.241,0.22,0.264,0.335,0.256,38,4,-39.4,13.8,-0.7,1830
2003,Royce Clayton,Brewers,146,543,11,49,39,5,9.00%,16.90%,0.106,0.258,0.228,0.301,0.333,0.277,62,-5,-31.6,5.8,-0.8,226
1998,Mark Grudzielanek,- - -,156,641,10,62,62,18,4.10%,11.40%,0.09,0.292,0.272,0.311,0.362,0.298,78,1.4,-16.3,-11.7,-0.8,653
2000,Royce Clayton,Rangers,148,573,14,70,54,11,7.30%,16.10%,0.142,0.268,0.242,0.301,0.384,0.301,67,-1,-26.7,-2.6,-0.9,226
1994,Walt Weiss,Rockies,110,486,1,58,32,12,11.50%,11.90%,0.052,0.286,0.251,0.336,0.303,0.297,61,-0.7,-25.1,-0.4,-0.9,1013748
2004,Alex Cintron,Diamondbacks,154,613,4,56,49,3,5.10%,9.60%,0.101,0.285,0.262,0.301,0.363,0.29,65,0.7,-27.3,-3.5,-1,50
1995,Chris Gomez,Tigers,123,482,11,49,50,4,8.50%,19.90%,0.132,0.259,0.223,0.292,0.355,0.29,68,0.3,-20,-8,-1.1,1208
1994,Jose Vizcaino,Mets,103,456,3,47,33,1,7.20%,13.60%,0.068,0.291,0.256,0.31,0.324,0.284,69,-4.6,-22.6,-4.6,-1.2,577
1989,Andres Thomas,Braves,141,571,13,41,57,3,2.10%,10.90%,0.103,0.217,0.213,0.228,0.316,0.242,44,-0.7,-35.8,7.5,-1.2,1012962
1988,Andres Thomas,Braves,153,627,13,54,68,7,2.20%,15.20%,0.107,0.278,0.252,0.268,0.36,0.276,71,-0.1,-20.2,-11.8,-1.2,1012962
1999,Neifi Perez,Rockies,157,732,12,108,70,13,3.80%,7.40%,0.123,0.288,0.28,0.307,0.403,0.31,56,0.3,-43.3,5.5,-1.3,620
2003,Ramon Santiago,Tigers,141,507,2,41,29,10,6.50%,13.00%,0.059,0.259,0.225,0.292,0.284,0.264,58,3.1,-23.3,-7.5,-1.3,1417
1995,Kevin Stocker,Phillies,125,477,1,42,32,6,9.00%,15.70%,0.056,0.263,0.218,0.304,0.274,0.263,53,0.7,-28,-2.4,-1.4,1012549
2006,Angel Berroa,Royals,132,503,9,45,54,3,2.80%,17.50%,0.099,0.268,0.234,0.259,0.333,0.257,48,-2,-35.6,3.1,-1.5,591
1998,Rey Ordonez,Mets,153,548,1,46,42,3,4.20%,10.90%,0.053,0.275,0.246,0.278,0.299,0.253,50,-2,-36.5,4,-1.5,889
2003,Jose Hernandez,- - -,150,571,13,58,57,2,8.10%,31.00%,0.121,0.311,0.225,0.287,0.347,0.281,58,-0.7,-31.8,-2.5,-1.5,688
1998,Neifi Perez,Rockies,162,712,9,80,59,5,5.30%,9.80%,0.108,0.294,0.274,0.313,0.382,0.307,59,-1.6,-38.8,0.6,-1.6,620
2002,Juan Uribe,Rockies,155,618,6,69,49,9,5.50%,19.40%,0.101,0.291,0.24,0.286,0.341,0.277,46,1,-40.4,3.9,-1.6,454
1996,Ozzie Guillen,White Sox,150,528,4,62,45,6,1.90%,5.10%,0.104,0.267,0.263,0.273,0.367,0.278,60,-1.2,-30.1,-6.6,-1.7,1005125
1993,Felix Fermin,Indians,140,514,2,48,45,4,4.70%,2.70%,0.054,0.267,0.263,0.303,0.317,0.282,68,-1.2,-21.3,-12.7,-1.8,1003991
2006,Ronny Cedeno,Cubs,151,572,6,51,41,8,3.00%,19.10%,0.094,0.296,0.245,0.271,0.339,0.263,48,-0.8,-39.9,1.7,-1.8,2179
1997,Ozzie Guillen,White Sox,142,527,4,59,52,5,4.20%,4.60%,0.092,0.249,0.245,0.275,0.337,0.27,59,-0.3,-27.8,-10.6,-2,1005125
2013,Adeiny Hechavarria,Marlins,148,578,3,30,42,11,5.20%,16.60%,0.072,0.27,0.227,0.267,0.298,0.251,56,-5,-33.9,-2.3,-2.1,10459
1997,Chris Gomez,Padres,150,589,5,62,54,5,9.00%,19.40%,0.073,0.313,0.253,0.326,0.326,0.298,80,-2.4,-17,-25.1,-2.3,1208
2016,Alexei Ramirez,- - -,145,506,6,38,48,8,4.20%,12.50%,0.092,0.265,0.241,0.277,0.333,0.264,64,-2.5,-24.9,-14.5,-2.4,5133
2009,Yuniesky Betancourt,- - -,134,508,6,40,49,3,4.10%,8.70%,0.106,0.256,0.245,0.274,0.351,0.273,61,-6.5,-31.3,-10.9,-2.5,8585
1999,Mike Caruso,White Sox,136,564,2,60,35,12,3.50%,6.40%,0.047,0.264,0.25,0.28,0.297,0.261,46,-4,-44.9,-3.3,-2.7,595
2002,Neifi Perez,Royals,145,585,3,65,37,8,3.40%,9.10%,0.067,0.254,0.236,0.26,0.303,0.247,39,0.7,-43.6,-5.4,-2.9,620
